cmm_code,earliest_purchase_date,latest_purchase_date,purchase_recency_days,active_member_count,inactive_member_count,unique_manufacturers_count,unique_part_numbers_count,manufacturer_diversity_flag
CMM-BEARNG-0669B8-001,2024-12-04,2025-12-17,104,1,2,1,3,True
CMM-BEARNG-0772AD-001,2024-01-07,2024-01-27,794,0,2,1,2,True
CMM-BEARNG-0C2D83-001,2024-08-25,2025-01-21,434,1,1,1,2,True
CMM-BEARNG-0FD5BF-001,2024-06-02,2025-12-02,119,5,5,3,10,True
CMM-BEARNG-17B18A-001,2024-02-25,2025-10-22,160,2,3,1,4,True
CMM-BEARNG-1E674F-001,2024-03-24,2025-08-13,230,4,0,2,4,True
CMM-BEARNG-200E56-001,2024-02-26,2024-08-31,577,0,2,1,2,True
CMM-BEARNG-20EFDA-001,2024-01-18,2025-09-27,185,3,1,2,4,True
CMM-BEARNG-300A61-001,2024-05-09,2025-12-06,115,4,1,2,5,True
CMM-BEARNG-39C22B-001,2024-03-23,2025-11-21,130,7,3,3,10,True
CMM-BEARNG-3EC238-001,2024-11-22,2024-12-08,478,1,1,1,2,True
CMM-BEARNG-491461-001,2024-03-10,2025-12-30,91,6,2,2,8,True
CMM-BEARNG-52104E-001,2024-06-23,2025-12-19,102,10,4,3,14,True
CMM-BEARNG-668968-001,2024-01-08,2025-06-03,301,6,1,2,7,True
CMM-BEARNG-66CBD4-001,2024-07-12,2024-10-25,522,2,0,1,2,True
CMM-BEARNG-67CA99-001,2024-01-09,2025-09-13,199,10,5,3,15,True
CMM-BEARNG-75E845-001,2024-02-29,2025-09-13,199,6,0,2,6,True
CMM-BEARNG-7BE095-001,2024-02-11,2025-12-12,109,3,1,2,4,True
CMM-BEARNG-87EFE4-001,2024-02-29,2025-12-13,108,1,5,1,6,True
CMM-BEARNG-89DC5A-001,2024-03-16,2025-06-08,296,3,2,1,5,True
CMM-BEARNG-947C4D-001,2024-10-17,2025-09-02,210,4,1,1,5,True
CMM-BEARNG-98CF95-001,2024-09-27,2025-10-27,155,2,2,1,4,True
CMM-BEARNG-A0A0E6-001,2024-01-08,2025-02-03,421,1,1,1,2,True
CMM-BEARNG-A2CB3C-001,2024-05-17,2025-11-27,124,3,6,2,9,True
CMM-BEARNG-A353C8-001,2024-05-12,2025-06-21,283,2,0,1,1,False
CMM-BEARNG-A74B84-001,2024-07-05,2025-05-04,331,5,2,2,7,True
CMM-BEARNG-BE8172-001,2025-05-18,2025-09-24,188,2,0,1,2,True
CMM-BEARNG-D5796C-001,2025-03-26,2025-09-02,210,3,1,2,4,True
CMM-BEARNG-D8807A-001,2024-06-24,2025-07-13,261,1,1,1,2,True
CMM-BEARNG-D93FF3-001,2025-04-28,2025-04-30,335,2,0,1,2,True
CMM-BEARNG-F25509-001,2025-05-24,2025-11-15,136,2,0,1,2,True
CMM-BEARNG-F56C70-001,2024-10-10,2024-11-20,496,1,1,1,2,True
CMM-BEARNG-FBE56C-001,2024-07-10,2025-05-27,308,2,2,1,4,True
CMM-BEARNG-FCEB8C-001,2024-01-06,2025-03-22,374,4,0,2,4,True
CMM-BEARNG-FF170C-001,2024-07-16,2025-10-23,159,9,6,2,15,True
CMM-ELECTR-05219D-001,2025-12-06,2025-12-06,115,1,0,1,1,False
CMM-ELECTR-06EE71-001,2025-07-01,2025-07-01,273,1,0,1,1,False
CMM-ELECTR-079AD5-001,2025-08-12,2025-08-12,231,1,0,1,1,False
CMM-ELECTR-07DFFB-001,2025-06-11,2025-11-10,141,1,1,1,2,True
CMM-ELECTR-097381-001,2025-09-16,2025-09-16,196,1,0,1,1,False
CMM-ELECTR-0CDB57-001,2024-01-01,2025-12-22,99,3,1,1,4,True
CMM-ELECTR-0F8E4F-001,2025-11-22,2025-11-22,129,0,1,1,1,False
CMM-ELECTR-11038D-001,2024-01-05,2024-01-05,816,1,0,1,1,False
CMM-ELECTR-134D89-001,2024-08-09,2024-08-09,599,0,1,1,1,False
CMM-ELECTR-1415A1-001,2025-11-02,2025-11-02,149,0,1,1,1,False
CMM-ELECTR-1643F5-001,2024-05-07,2025-06-07,297,3,2,2,5,True
CMM-ELECTR-16A521-001,2025-03-09,2025-03-09,387,1,0,1,1,False
CMM-ELECTR-1729E4-001,2024-06-08,2024-06-08,661,1,0,1,1,False
CMM-ELECTR-175B83-001,2024-03-25,2024-03-25,736,1,0,1,1,False
CMM-ELECTR-19262A-001,2024-01-03,2025-11-05,146,3,2,1,5,True
CMM-ELECTR-1AC0A4-001,2025-07-15,2025-08-27,216,1,1,1,2,True
CMM-ELECTR-1B15DC-001,2024-02-29,2024-02-29,761,0,1,1,1,False
CMM-ELECTR-1B3CEC-001,2024-09-04,2025-05-17,318,1,1,1,2,True
CMM-ELECTR-1B4C8C-001,2025-03-18,2025-03-18,378,0,1,1,1,False
CMM-ELECTR-1C59B4-001,2024-01-01,2024-05-16,684,1,1,1,2,True
CMM-ELECTR-1CBE78-001,2024-03-11,2024-03-11,750,1,0,1,1,False
CMM-ELECTR-1E23AC-001,2025-07-15,2025-07-15,259,1,0,1,1,False
CMM-ELECTR-1E911F-001,2025-05-17,2025-05-17,318,0,1,1,1,False
CMM-ELECTR-2093AE-001,2024-12-23,2024-12-23,463,1,0,1,1,False
CMM-ELECTR-219D3D-001,2024-02-11,2024-02-11,779,0,1,1,1,False
CMM-ELECTR-23E752-001,2024-01-30,2024-01-30,791,0,1,1,1,False
CMM-ELECTR-240377-001,2024-02-15,2025-09-18,194,3,1,2,4,True
CMM-ELECTR-253FB4-001,2024-01-23,2024-06-14,655,2,0,1,2,True
CMM-ELECTR-2624B2-001,2025-11-09,2025-11-09,142,1,0,1,1,False
CMM-ELECTR-266707-001,2025-04-04,2025-11-17,134,4,1,1,5,True
CMM-ELECTR-27E90F-001,2024-04-28,2024-04-28,702,0,1,1,1,False
CMM-ELECTR-292F7A-001,2025-07-28,2025-07-28,246,1,0,1,1,False
CMM-ELECTR-2B3848-001,2025-03-21,2025-03-21,375,1,0,1,1,False
CMM-ELECTR-2BD4BF-001,2024-12-13,2024-12-13,473,1,0,1,1,False
CMM-ELECTR-2DA2A7-001,2024-09-24,2024-09-24,553,1,0,1,1,False
CMM-ELECTR-2DB37C-001,2024-01-13,2025-08-05,238,2,3,1,5,True
CMM-ELECTR-2E2EAB-001,2024-06-06,2024-06-06,663,1,0,1,1,False
CMM-ELECTR-31D0C0-001,2025-01-13,2025-01-13,442,1,0,1,1,False
CMM-ELECTR-329BB9-001,2024-07-30,2025-07-09,265,0,2,1,2,True
CMM-ELECTR-388D16-001,2024-09-06,2024-09-06,571,1,0,1,1,False
CMM-ELECTR-38C73C-001,2024-08-18,2024-08-18,590,1,0,1,1,False
CMM-ELECTR-3CC9FD-001,2025-01-25,2025-01-25,430,1,0,1,1,False
CMM-ELECTR-3DB83C-001,2024-05-13,2024-05-13,687,1,0,1,1,False
CMM-ELECTR-3E612F-001,2025-05-16,2025-11-29,122,1,1,1,2,True
CMM-ELECTR-3F0657-001,2024-03-23,2025-10-14,168,1,1,1,2,True
CMM-ELECTR-3F141A-001,2024-01-20,2025-01-18,437,2,0,1,2,True
CMM-ELECTR-3FF7C7-001,2025-08-02,2025-08-02,241,0,1,1,1,False
CMM-ELECTR-404961-001,2024-02-02,2024-02-02,788,1,0,1,1,False
CMM-ELECTR-40640A-001,2024-08-09,2025-10-24,158,1,1,1,2,True
CMM-ELECTR-40BE38-001,2024-01-29,2024-01-29,792,0,1,1,1,False
CMM-ELECTR-42C083-001,2024-10-13,2024-10-13,534,1,0,1,1,False
CMM-ELECTR-42D24C-001,2024-01-30,2025-09-08,204,4,4,2,8,True
CMM-ELECTR-430B1B-001,2024-12-09,2024-12-09,477,0,1,1,1,False
CMM-ELECTR-43E6A3-001,2024-06-10,2025-12-02,119,2,1,1,3,True
CMM-ELECTR-43ED2A-001,2025-02-26,2025-02-26,398,1,0,1,1,False
CMM-ELECTR-45D485-001,2025-03-26,2025-03-26,370,1,0,1,1,False
CMM-ELECTR-45EFBF-001,2024-01-03,2025-12-05,116,6,0,1,6,True
CMM-ELECTR-47E8A6-001,2024-07-01,2025-09-19,193,2,2,1,4,True
CMM-ELECTR-48D3C0-001,2024-03-26,2024-03-26,735,0,1,1,1,False
CMM-ELECTR-4AC8DE-001,2024-04-27,2024-04-27,703,0,1,1,1,False
CMM-ELECTR-4BEE8D-001,2024-11-15,2024-11-15,501,0,1,1,1,False
CMM-ELECTR-4D158E-001,2024-05-09,2025-09-10,202,4,2,1,6,True
CMM-ELECTR-4DD7B9-001,2024-10-09,2025-06-07,297,0,2,1,2,True
CMM-ELECTR-4E0C90-001,2024-11-17,2024-11-17,499,0,1,1,1,False
CMM-ELECTR-4F0B42-001,2025-02-05,2025-02-05,419,1,0,1,1,False
CMM-ELECTR-4F6C14-001,2024-01-20,2025-07-16,258,1,1,1,2,True
CMM-ELECTR-5540AC-001,2025-03-21,2025-09-27,185,1,1,1,2,True
CMM-ELECTR-56D0D9-001,2025-10-07,2025-10-07,175,1,0,1,1,False
CMM-ELECTR-577BA8-001,2024-04-05,2024-04-05,725,0,1,1,1,False
CMM-ELECTR-57B37B-001,2024-12-18,2024-12-18,468,0,1,1,1,False
CMM-ELECTR-57C166-001,2024-11-03,2025-07-13,261,2,0,1,2,True
CMM-ELECTR-5803F6-001,2025-02-14,2025-02-14,410,0,1,1,1,False
CMM-ELECTR-5BFEDC-001,2024-10-29,2024-10-29,518,1,0,1,1,False
CMM-ELECTR-5D0DEF-001,2024-01-29,2024-01-29,792,1,0,1,1,False
CMM-ELECTR-5DBC7A-001,2024-03-25,2024-03-25,736,0,1,1,1,False
CMM-ELECTR-5E70EC-001,2025-12-31,2025-12-31,90,1,0,1,1,False
CMM-ELECTR-5E9127-001,2024-01-17,2025-11-10,141,0,2,1,2,True
CMM-ELECTR-5F5D06-001,2025-09-09,2025-09-09,203,0,1,1,1,False
CMM-ELECTR-609134-001,2024-02-23,2025-08-20,223,2,4,2,6,True
CMM-ELECTR-62038E-001,2024-04-19,2025-11-22,129,6,2,2,8,True
CMM-ELECTR-6358A6-001,2024-05-17,2024-05-17,683,1,0,1,1,False
CMM-ELECTR-65A8AE-001,2024-09-27,2025-11-18,133,4,1,1,4,True
CMM-ELECTR-6828F9-001,2025-10-02,2025-10-02,180,0,1,1,1,False
CMM-ELECTR-699EDB-001,2024-05-25,2024-05-25,675,1,0,1,1,False
CMM-ELECTR-69B125-001,2024-04-19,2024-04-19,711,1,0,1,1,False
CMM-ELECTR-69D882-001,2025-03-09,2025-03-09,387,0,1,1,1,False
CMM-ELECTR-6BCE45-001,2024-05-29,2025-12-24,97,5,0,1,5,True
CMM-ELECTR-6CF258-001,2024-07-10,2024-07-10,629,1,0,1,1,False
CMM-ELECTR-707C05-001,2024-08-12,2025-06-15,289,2,0,1,2,True
CMM-ELECTR-72A3B6-001,2024-06-21,2024-06-21,648,0,1,1,1,False
CMM-ELECTR-76536F-001,2024-11-25,2025-10-05,177,1,1,1,2,True
CMM-ELECTR-76A8C2-001,2025-07-01,2025-07-01,273,1,0,1,1,False
CMM-ELECTR-79689B-001,2025-07-16,2025-07-16,258,1,0,1,1,False
CMM-ELECTR-79A6DD-001,2024-05-02,2025-07-17,257,3,3,1,6,True
CMM-ELECTR-7A69F2-001,2025-04-14,2025-04-14,351,1,0,1,1,False
CMM-ELECTR-7A8291-001,2024-10-22,2024-10-22,525,1,0,1,1,False
CMM-ELECTR-7CE3FC-001,2025-01-14,2025-01-14,441,0,1,1,1,False
CMM-ELECTR-808622-001,2024-06-20,2024-06-20,649,0,1,1,1,False
CMM-ELECTR-81F171-001,2024-01-30,2024-01-30,791,1,0,1,1,False
CMM-ELECTR-83697B-001,2025-07-14,2025-07-14,260,1,0,1,1,False
CMM-ELECTR-8381A7-001,2025-09-17,2025-09-17,195,0,1,1,1,False
CMM-ELECTR-8C5683-001,2024-02-16,2025-06-30,274,8,0,2,8,True
CMM-ELECTR-8EAEA9-001,2024-04-13,2025-10-08,174,3,0,1,3,True
CMM-ELECTR-8FE460-001,2024-10-31,2024-10-31,516,0,1,1,1,False
CMM-ELECTR-8FF92B-001,2025-09-03,2025-09-03,209,0,1,1,1,False
CMM-ELECTR-916CED-001,2025-01-02,2025-01-02,453,1,0,1,1,False
CMM-ELECTR-91BE73-001,2025-12-17,2025-12-17,104,1,0,1,1,False
CMM-ELECTR-91F95B-001,2024-12-17,2024-12-17,469,1,0,1,1,False
CMM-ELECTR-925F26-001,2025-01-05,2025-02-13,411,1,1,1,2,True
CMM-ELECTR-92CF3A-001,2025-01-25,2025-01-25,430,1,0,1,1,False
CMM-ELECTR-941023-001,2024-05-20,2025-10-15,167,5,2,2,7,True
CMM-ELECTR-949379-001,2025-08-27,2025-08-27,216,1,0,1,1,False
CMM-ELECTR-94DDC0-001,2024-05-06,2024-12-29,457,1,1,1,2,True
CMM-ELECTR-95788A-001,2025-06-05,2025-06-05,299,1,0,1,1,False
CMM-ELECTR-95A05F-001,2024-09-21,2024-09-21,556,1,0,1,1,False
CMM-ELECTR-97B02F-001,2025-03-14,2025-04-29,336,1,1,1,2,True
CMM-ELECTR-983066-001,2024-08-02,2024-08-02,606,1,0,1,1,False
CMM-ELECTR-9A21B9-001,2024-08-15,2025-02-06,418,1,1,1,2,True
CMM-ELECTR-9B74A3-001,2024-01-08,2024-01-08,813,1,0,1,1,False
CMM-ELECTR-9B9571-001,2025-02-11,2025-02-11,413,1,0,1,1,False
CMM-ELECTR-9BB755-001,2024-10-02,2024-10-02,545,1,0,1,1,False
CMM-ELECTR-9C93DB-001,2024-01-09,2025-11-28,123,3,2,1,5,True
CMM-ELECTR-9CE3F4-001,2025-06-26,2025-06-26,278,1,0,1,1,False
CMM-ELECTR-9D604B-001,2024-02-28,2024-02-28,762,1,0,1,1,False
CMM-ELECTR-9D6068-001,2024-11-11,2024-11-11,505,1,0,1,1,False
CMM-ELECTR-9FD986-001,2024-02-11,2024-02-11,779,1,0,1,1,False
CMM-ELECTR-9FEFD2-001,2024-05-09,2025-11-07,144,5,1,1,6,True
CMM-ELECTR-A08A22-001,2024-03-14,2024-03-14,747,0,1,1,1,False
CMM-ELECTR-A1C20A-001,2024-12-14,2024-12-14,472,1,0,1,1,False
CMM-ELECTR-A21A1A-001,2024-08-14,2024-08-14,594,1,0,1,1,False
CMM-ELECTR-A4DD01-001,2024-04-23,2025-06-13,291,1,1,1,2,True
CMM-ELECTR-A51F59-001,2025-05-06,2025-05-06,329,1,0,1,1,False
CMM-ELECTR-A55AE9-001,2024-07-11,2024-07-11,628,1,0,1,1,False
CMM-ELECTR-A59129-001,2024-06-20,2024-06-20,649,0,1,1,1,False
CMM-ELECTR-A88B61-001,2024-01-08,2024-01-08,813,1,0,1,1,False
CMM-ELECTR-A89663-001,2024-05-26,2024-05-26,674,1,0,1,1,False
CMM-ELECTR-AA84A6-001,2024-09-14,2024-09-14,563,1,0,1,1,False
CMM-ELECTR-AD1990-001,2024-12-11,2024-12-11,475,1,0,1,1,False
CMM-ELECTR-AD2D59-001,2024-09-11,2025-08-07,236,1,2,1,3,True
CMM-ELECTR-AF05F8-001,2025-10-25,2025-10-25,157,1,0,1,1,False
CMM-ELECTR-B09160-001,2024-05-30,2024-05-30,670,1,0,1,1,False
CMM-ELECTR-B5115D-001,2025-02-28,2025-02-28,396,1,0,1,1,False
CMM-ELECTR-B6A9F4-001,2024-11-21,2024-11-21,495,1,0,1,1,False
CMM-ELECTR-B8A44C-001,2025-12-26,2025-12-26,95,1,0,1,1,False
CMM-ELECTR-BB4F67-001,2025-01-26,2025-01-26,429,0,1,1,1,False
CMM-ELECTR-BB66D5-001,2024-03-17,2024-11-23,493,2,0,1,2,True
CMM-ELECTR-BBFFB1-001,2024-11-21,2024-11-21,495,1,0,1,1,False
CMM-ELECTR-BC2BE2-001,2025-08-31,2025-08-31,212,1,0,1,1,False
CMM-ELECTR-BF7F37-001,2024-10-01,2025-03-17,379,1,1,1,2,True
CMM-ELECTR-C2208E-001,2024-06-16,2025-10-07,175,3,1,1,4,True
CMM-ELECTR-C25892-001,2024-03-07,2024-03-07,754,1,0,1,1,False
CMM-ELECTR-C32643-001,2025-05-01,2025-05-01,334,0,1,1,1,False
CMM-ELECTR-C3E195-001,2024-12-31,2025-04-24,341,1,1,1,2,True
CMM-ELECTR-C565E9-001,2024-08-02,2025-08-14,229,3,1,1,3,True
CMM-ELECTR-C6915F-001,2025-07-15,2025-07-15,259,0,1,1,1,False
CMM-ELECTR-C727C7-001,2024-10-30,2024-10-30,517,0,1,1,1,False
CMM-ELECTR-CB50EA-001,2025-07-15,2025-07-15,259,0,1,1,1,False
CMM-ELECTR-CD68BD-001,2024-11-10,2024-11-10,506,0,1,1,1,False
CMM-ELECTR-CE652D-001,2025-09-22,2025-12-26,95,1,2,1,3,True
CMM-ELECTR-CFAB35-001,2024-03-26,2025-11-19,132,2,0,1,2,True
CMM-ELECTR-D40B8A-001,2025-04-07,2025-04-07,358,0,1,1,1,False
CMM-ELECTR-D40DD1-001,2024-04-03,2024-04-03,727,1,0,1,1,False
CMM-ELECTR-D852DA-001,2024-07-30,2025-05-16,319,2,0,1,2,True
CMM-ELECTR-DA06F7-001,2025-06-08,2025-06-08,296,1,0,1,1,False
CMM-ELECTR-DAC0B1-001,2024-09-15,2024-09-15,562,1,0,1,1,False
CMM-ELECTR-E2BC3C-001,2025-08-12,2025-08-12,231,1,0,1,1,False
CMM-ELECTR-E39403-001,2024-08-10,2024-08-10,598,1,0,1,1,False
CMM-ELECTR-E5BD1D-001,2025-02-27,2025-02-27,397,1,0,1,1,False
CMM-ELECTR-E728FA-001,2024-01-25,2025-08-19,224,4,4,2,8,True
CMM-ELECTR-ECDA08-001,2025-07-06,2025-07-06,268,1,0,1,1,False
CMM-ELECTR-F33EAC-001,2025-09-27,2025-09-27,185,0,1,1,1,False
CMM-ELECTR-F3C541-001,2025-06-07,2025-06-07,297,1,0,1,1,False
CMM-ELECTR-F75684-001,2024-02-21,2024-02-21,769,1,0,1,1,False
CMM-ELECTR-FAAACF-001,2025-08-16,2025-08-16,227,0,1,1,1,False
CMM-ELECTR-FB578D-001,2024-01-26,2024-01-26,795,1,0,1,1,False
CMM-ELECTR-FD0485-001,2024-03-17,2024-10-27,520,1,1,1,2,True
CMM-FASTNR-0169A7-001,2024-11-10,2024-11-10,506,1,0,1,1,False
CMM-FASTNR-04310E-001,2025-07-06,2025-07-06,268,1,0,1,1,False
CMM-FASTNR-0448D7-001,2025-09-29,2025-09-29,183,1,0,1,1,False
CMM-FASTNR-04A814-001,2025-12-02,2025-12-02,119,0,1,1,1,False
CMM-FASTNR-0877CE-001,2025-11-17,2025-11-17,134,0,1,1,1,False
CMM-FASTNR-08B7CC-001,2024-04-30,2024-04-30,700,1,0,1,1,False
CMM-FASTNR-08DB7F-001,2025-02-09,2025-02-09,415,1,0,1,1,False
CMM-FASTNR-0959AF-001,2025-06-14,2025-06-14,290,1,0,1,1,False
CMM-FASTNR-0B0423-001,2024-04-14,2025-11-15,136,2,1,1,3,True
CMM-FASTNR-0B935E-001,2025-03-21,2025-03-21,375,1,0,1,1,False
CMM-FASTNR-0C6EBA-001,2025-09-01,2025-12-08,113,1,1,1,2,True
CMM-FASTNR-0DD604-001,2025-01-17,2025-01-17,438,0,1,1,1,False
CMM-FASTNR-0EFE81-001,2024-01-18,2024-01-18,803,1,0,1,1,False
CMM-FASTNR-134BE7-001,2024-04-15,2024-04-15,715,1,0,1,1,False
CMM-FASTNR-152A8F-001,2024-06-14,2024-06-14,655,1,0,1,1,False
CMM-FASTNR-15537B-001,2024-11-03,2025-03-17,379,2,0,1,2,True
CMM-FASTNR-1793A5-001,2025-10-30,2025-10-30,152,1,0,1,1,False
CMM-FASTNR-1A9DA1-001,2025-12-28,2025-12-28,93,1,0,1,1,False
CMM-FASTNR-1AF629-001,2024-10-28,2025-10-14,168,3,1,1,4,True
CMM-FASTNR-1B4788-001,2024-04-25,2024-04-25,705,0,1,1,1,False
CMM-FASTNR-1B6461-001,2024-05-22,2024-05-22,678,1,0,1,1,False
CMM-FASTNR-1C4408-001,2025-05-05,2025-05-05,330,0,1,1,1,False
CMM-FASTNR-1E40EE-001,2024-07-26,2024-07-26,613,1,0,1,1,False
CMM-FASTNR-226DB9-001,2025-03-11,2025-03-11,385,1,0,1,1,False
CMM-FASTNR-22FBDB-001,2024-11-28,2024-11-28,488,1,0,1,1,False
CMM-FASTNR-235045-001,2025-04-21,2025-04-21,344,1,0,1,1,False
CMM-FASTNR-253984-001,2025-04-14,2025-04-14,351,1,0,1,1,False
CMM-FASTNR-26351F-001,2025-04-20,2025-06-11,293,3,0,1,3,True
CMM-FASTNR-26EF8B-001,2025-08-08,2025-08-08,235,0,1,1,1,False
CMM-FASTNR-28A349-001,2025-03-03,2025-03-03,393,1,0,1,1,False
CMM-FASTNR-29F5AF-001,2025-04-06,2025-04-06,359,1,0,1,1,False
CMM-FASTNR-2B3DDF-001,2025-07-24,2025-07-24,250,1,0,1,1,False
CMM-FASTNR-2E518A-001,2024-06-14,2024-06-14,655,1,0,1,1,False
CMM-FASTNR-2EA3F9-001,2025-10-06,2025-10-06,176,1,0,1,1,False
CMM-FASTNR-2F69BE-001,2025-09-27,2025-09-27,185,1,0,1,1,False
CMM-FASTNR-31709C-001,2024-11-03,2024-11-03,513,1,0,1,1,False
CMM-FASTNR-323585-001,2024-11-06,2024-11-06,510,1,0,1,1,False
CMM-FASTNR-35E39D-001,2024-07-31,2024-07-31,608,1,0,1,1,False
CMM-FASTNR-35F8E7-001,2024-09-04,2024-09-04,573,1,0,1,1,False
CMM-FASTNR-363346-001,2025-02-18,2025-02-18,406,0,1,1,1,False
CMM-FASTNR-375FF8-001,2025-11-23,2025-11-23,128,1,0,1,1,False
CMM-FASTNR-388BEA-001,2024-03-17,2024-03-17,744,1,0,1,1,False
CMM-FASTNR-39EA95-001,2024-04-09,2025-06-06,298,3,1,1,4,True
CMM-FASTNR-3A0E89-001,2025-08-08,2025-08-08,235,1,0,1,1,False
CMM-FASTNR-3A7DA8-001,2025-03-14,2025-03-14,382,1,0,1,1,False
CMM-FASTNR-3AF121-001,2024-09-17,2025-09-16,196,3,0,1,3,True
CMM-FASTNR-3B5A1B-001,2025-04-10,2025-04-10,355,0,1,1,1,False
CMM-FASTNR-412B68-001,2024-08-18,2025-12-09,112,8,1,2,9,True
CMM-FASTNR-4242AE-001,2024-02-13,2024-02-13,777,1,0,1,1,False
CMM-FASTNR-42C94D-001,2025-08-26,2025-08-26,217,1,0,1,1,False
CMM-FASTNR-42CB56-001,2024-05-26,2025-02-27,397,5,1,1,5,True
CMM-FASTNR-459DCA-001,2024-08-11,2025-09-20,192,3,1,1,4,True
CMM-FASTNR-48248D-001,2024-07-31,2024-07-31,608,0,1,1,1,False
CMM-FASTNR-482EC1-001,2025-05-19,2025-05-19,316,0,1,1,1,False
CMM-FASTNR-4B5921-001,2025-09-23,2025-09-23,189,0,1,1,1,False
CMM-FASTNR-4B6F96-001,2024-04-16,2024-04-16,714,1,0,1,1,False
CMM-FASTNR-4D72B7-001,2024-05-04,2024-05-04,696,1,0,1,1,False
CMM-FASTNR-51DD5C-001,2025-10-12,2025-10-12,170,1,0,1,1,False
CMM-FASTNR-528678-001,2024-02-22,2024-02-22,768,1,0,1,1,False
CMM-FASTNR-531DD1-001,2025-02-09,2025-02-09,415,1,0,1,1,False
CMM-FASTNR-588016-001,2025-02-25,2025-02-25,399,1,0,1,1,False
CMM-FASTNR-58C523-001,2024-06-11,2025-12-29,92,1,1,1,2,True
CMM-FASTNR-590D1C-001,2025-01-01,2025-01-01,454,1,0,1,1,False
CMM-FASTNR-599121-001,2024-12-11,2024-12-11,475,1,0,1,1,False
CMM-FASTNR-59C34E-001,2025-12-15,2025-12-15,106,1,0,1,1,False
CMM-FASTNR-5C0E61-001,2025-08-09,2025-08-18,225,2,0,1,2,True
CMM-FASTNR-5CF330-001,2025-09-16,2025-09-16,196,0,1,1,1,False
CMM-FASTNR-5DBADE-001,2025-11-06,2025-11-06,145,1,0,1,1,False
CMM-FASTNR-5F1FAF-001,2024-04-05,2024-04-05,725,1,0,1,1,False
CMM-FASTNR-62EDAB-001,2024-02-01,2024-02-01,789,1,0,1,1,False
CMM-FASTNR-6342F2-001,2024-04-20,2024-04-20,710,1,0,1,1,False
CMM-FASTNR-63D01D-001,2024-06-30,2024-06-30,639,1,0,1,1,False
CMM-FASTNR-64D9FA-001,2024-05-21,2025-10-30,152,2,0,1,2,True
CMM-FASTNR-6661BD-001,2024-05-16,2024-05-16,684,1,0,1,1,False
CMM-FASTNR-677AC8-001,2025-05-21,2025-05-21,314,1,0,1,1,False
CMM-FASTNR-684D49-001,2024-04-09,2024-04-09,721,1,0,1,1,False
CMM-FASTNR-685EAD-001,2025-02-10,2025-02-10,414,1,0,1,1,False
CMM-FASTNR-69B63E-001,2025-10-12,2025-10-12,170,0,1,1,1,False
CMM-FASTNR-6A90D7-001,2025-06-06,2025-06-06,298,1,0,1,1,False
CMM-FASTNR-6B8218-001,2024-04-10,2024-11-02,514,0,2,1,2,True
CMM-FASTNR-6C0170-001,2025-03-04,2025-03-04,392,0,1,1,1,False
CMM-FASTNR-6E500C-001,2025-08-27,2025-08-27,216,1,0,1,1,False
CMM-FASTNR-707EC9-001,2024-03-19,2024-03-19,742,0,1,1,1,False
CMM-FASTNR-70A5EF-001,2024-10-05,2024-10-05,542,1,0,1,1,False
CMM-FASTNR-70CED1-001,2024-04-19,2024-04-19,711,1,0,1,1,False
CMM-FASTNR-70F0BA-001,2025-04-26,2025-04-26,339,0,1,1,1,False
CMM-FASTNR-72AFE4-001,2025-01-23,2025-01-23,432,0,1,1,1,False
CMM-FASTNR-72C249-001,2024-04-23,2024-04-23,707,1,0,1,1,False
CMM-FASTNR-733884-001,2024-09-15,2024-09-15,562,0,1,1,1,False
CMM-FASTNR-7426EC-001,2024-09-11,2025-11-24,127,5,1,1,5,True
CMM-FASTNR-75EF56-001,2025-01-01,2025-01-01,454,1,0,1,1,False
CMM-FASTNR-79903B-001,2024-01-18,2025-08-18,225,2,2,1,4,True
CMM-FASTNR-79F7B5-001,2024-02-22,2024-05-09,691,3,0,1,3,True
CMM-FASTNR-7AC8DE-001,2024-01-21,2024-01-21,800,1,0,1,1,False
CMM-FASTNR-7B5EA4-001,2025-11-09,2025-11-09,142,1,0,1,1,False
CMM-FASTNR-7DFD49-001,2024-07-05,2024-07-05,634,1,0,1,1,False
CMM-FASTNR-7E743D-001,2025-07-12,2025-07-12,262,1,0,1,1,False
CMM-FASTNR-7E8976-001,2025-05-13,2025-05-13,322,1,0,1,1,False
CMM-FASTNR-805C80-001,2025-11-19,2025-11-19,132,0,1,1,1,False
CMM-FASTNR-80EC9A-001,2025-08-07,2025-08-07,236,1,0,1,1,False
CMM-FASTNR-867DA9-001,2025-06-02,2025-06-02,302,1,0,1,1,False
CMM-FASTNR-874628-001,2024-05-21,2024-05-21,679,0,1,1,1,False
CMM-FASTNR-87EE42-001,2025-06-12,2025-08-08,235,1,1,1,2,True
CMM-FASTNR-88E4CA-001,2025-04-05,2025-04-05,360,1,0,1,1,False
CMM-FASTNR-8AAAB9-001,2024-12-01,2024-12-01,485,1,0,1,1,False
CMM-FASTNR-8BF2FF-001,2025-06-24,2025-06-24,280,1,0,1,1,False
CMM-FASTNR-8FB594-001,2025-07-18,2025-09-09,203,2,0,1,2,True
CMM-FASTNR-90BA4C-001,2025-03-04,2025-03-04,392,1,0,1,1,False
CMM-FASTNR-912BFD-001,2025-09-12,2025-12-20,101,2,0,1,2,True
CMM-FASTNR-92FC46-001,2024-04-29,2024-04-29,701,1,0,1,1,False
CMM-FASTNR-93C14A-001,2025-05-17,2025-05-17,318,1,0,1,1,False
CMM-FASTNR-93E627-001,2024-03-31,2024-03-31,730,1,0,1,1,False
CMM-FASTNR-964AC9-001,2024-06-13,2024-06-13,656,0,1,1,1,False
CMM-FASTNR-9B1B0A-001,2024-10-11,2025-05-28,307,2,0,1,2,True
CMM-FASTNR-9D9AC4-001,2025-03-02,2025-03-02,394,1,0,1,1,False
CMM-FASTNR-9F40C9-001,2024-12-16,2024-12-16,470,1,0,1,1,False
CMM-FASTNR-A037B5-001,2024-11-17,2024-11-17,499,1,0,1,1,False
CMM-FASTNR-A1A35C-001,2024-05-05,2024-11-05,511,2,0,1,2,True
CMM-FASTNR-A2AB0B-001,2024-03-21,2025-07-29,245,4,1,1,5,True
CMM-FASTNR-A59C6C-001,2025-11-19,2025-11-19,132,0,1,1,1,False
CMM-FASTNR-A72A9B-001,2024-01-19,2024-01-19,802,1,0,1,1,False
CMM-FASTNR-A82C5B-001,2024-01-09,2025-09-17,195,7,1,2,8,True
CMM-FASTNR-AB8D46-001,2024-07-18,2024-07-18,621,1,0,1,1,False
CMM-FASTNR-ABBB06-001,2024-01-14,2024-01-14,807,0,1,1,1,False
CMM-FASTNR-AE0702-001,2025-05-14,2025-12-03,118,2,0,1,2,True
CMM-FASTNR-AE173B-001,2024-10-12,2024-10-12,535,1,0,1,1,False
CMM-FASTNR-AE7085-001,2025-12-18,2025-12-18,103,1,0,1,1,False
CMM-FASTNR-B017A6-001,2024-03-12,2025-11-19,132,2,2,1,4,True
CMM-FASTNR-B0430D-001,2024-11-03,2024-11-03,513,1,0,1,1,False
CMM-FASTNR-B1846A-001,2025-04-09,2025-05-06,329,2,0,1,2,True
CMM-FASTNR-B46359-001,2024-04-23,2024-04-23,707,1,0,1,1,False
CMM-FASTNR-B4A1EA-001,2024-08-04,2025-08-24,219,1,4,1,5,True
CMM-FASTNR-B5D9B4-001,2024-07-27,2024-07-27,612,0,1,1,1,False
CMM-FASTNR-B810F4-001,2024-09-03,2025-12-13,108,2,1,1,3,True
CMM-FASTNR-B982D3-001,2024-06-12,2024-06-12,657,1,0,1,1,False
CMM-FASTNR-BA072B-001,2024-03-13,2024-03-13,748,1,0,1,1,False
CMM-FASTNR-BAA11F-001,2024-12-04,2024-12-04,482,1,0,1,1,False
CMM-FASTNR-BCCDD8-001,2024-06-21,2025-08-17,226,3,1,1,4,True
CMM-FASTNR-BD32DD-001,2025-12-18,2025-12-18,103,1,0,1,1,False
CMM-FASTNR-BDCB57-001,2025-05-09,2025-05-09,326,1,0,1,1,False
CMM-FASTNR-BE26DC-001,2025-09-13,2025-09-13,199,1,0,1,1,False
CMM-FASTNR-BF5BE1-001,2025-06-29,2025-06-29,275,1,0,1,1,False
CMM-FASTNR-C119EB-001,2025-08-23,2025-08-23,220,0,1,1,1,False
CMM-FASTNR-C18604-001,2024-07-16,2025-12-21,100,3,0,1,3,True
CMM-FASTNR-C1D96C-001,2024-03-27,2024-03-27,734,1,0,1,1,False
CMM-FASTNR-C372D3-001,2024-02-22,2024-02-22,768,1,0,1,1,False
CMM-FASTNR-C56053-001,2025-06-03,2025-06-03,301,1,0,1,1,False
CMM-FASTNR-C72FA0-001,2024-07-19,2024-07-19,620,1,0,1,1,False
CMM-FASTNR-CBFF3D-001,2025-04-13,2025-04-13,352,1,0,1,1,False
CMM-FASTNR-CF6ED3-001,2025-12-18,2025-12-18,103,1,0,1,1,False
CMM-FASTNR-CFB3CB-001,2025-02-13,2025-04-19,346,2,0,1,2,True
CMM-FASTNR-D24A54-001,2025-04-22,2025-04-22,343,1,0,1,1,False
CMM-FASTNR-D2DC1A-001,2025-03-05,2025-03-05,391,1,0,1,1,False
CMM-FASTNR-D382BF-001,2024-06-04,2024-06-04,665,1,0,1,1,False
CMM-FASTNR-D3A3E7-001,2024-11-03,2024-11-03,513,1,0,1,1,False
CMM-FASTNR-D4573F-001,2025-09-06,2025-09-06,206,1,0,1,1,False
CMM-FASTNR-D4C90A-001,2024-01-02,2024-01-02,819,1,0,1,1,False
CMM-FASTNR-DA5EC6-001,2025-08-04,2025-08-04,239,0,1,1,1,False
CMM-FASTNR-DC5D47-001,2024-01-22,2024-01-22,799,0,1,1,1,False
CMM-FASTNR-DD7446-001,2024-08-25,2024-08-25,583,1,0,1,1,False
CMM-FASTNR-DD91F0-001,2024-01-08,2024-01-08,813,1,0,1,1,False
CMM-FASTNR-DFEB96-001,2024-09-15,2024-09-15,562,1,0,1,1,False
CMM-FASTNR-E193F8-001,2025-03-05,2025-03-05,391,1,0,1,1,False
CMM-FASTNR-E57005-001,2024-03-22,2025-01-06,449,1,2,1,3,True
CMM-FASTNR-E870A7-001,2024-11-18,2024-11-18,498,1,0,1,1,False
CMM-FASTNR-EA26E2-001,2025-05-31,2025-05-31,304,0,1,1,1,False
CMM-FASTNR-EB9980-001,2024-02-13,2024-02-13,777,1,0,1,1,False
CMM-FASTNR-ECEE31-001,2024-12-04,2025-01-26,429,2,0,1,2,True
CMM-FASTNR-EF8E28-001,2024-01-19,2024-10-04,543,2,1,1,3,True
CMM-FASTNR-F10940-001,2024-11-23,2024-11-23,493,1,0,1,1,False
CMM-FASTNR-F1E6CD-001,2025-03-29,2025-03-29,367,0,1,1,1,False
CMM-FASTNR-F2986B-001,2024-07-20,2024-07-20,619,1,0,1,1,False
CMM-FASTNR-F3B45B-001,2025-06-11,2025-06-11,293,1,0,1,1,False
CMM-FASTNR-F4128D-001,2025-05-03,2025-05-03,332,1,0,1,1,False
CMM-FASTNR-F4A0EA-001,2025-06-04,2025-06-04,300,1,0,1,1,False
CMM-FASTNR-F58160-001,2025-10-04,2025-10-04,178,1,0,1,1,False
CMM-FASTNR-F992A6-001,2025-03-01,2025-03-01,395,1,0,1,1,False
CMM-FASTNR-F9A509-001,2025-11-01,2025-11-01,150,1,0,1,1,False
CMM-FASTNR-FA7298-001,2025-11-08,2025-11-08,143,1,0,1,1,False
CMM-FASTNR-FC2A6B-001,2024-09-21,2024-09-21,556,0,1,1,1,False
CMM-FASTNR-FCF6F1-001,2025-06-30,2025-06-30,274,1,0,1,1,False
CMM-FASTNR-FEE036-001,2024-02-12,2024-02-12,778,1,0,1,1,False
CMM-FASTNR-FF37FE-001,2024-03-03,2024-03-03,758,1,0,1,1,False
CMM-INSTRU-001E9A-001,2025-03-09,2025-03-09,387,1,0,1,1,False
CMM-INSTRU-014C39-001,2024-01-09,2025-07-28,246,6,0,1,6,True
CMM-INSTRU-027BD0-001,2024-03-12,2025-07-21,253,12,3,1,15,True
CMM-INSTRU-028F33-001,2025-11-29,2025-11-29,122,1,0,1,1,False
CMM-INSTRU-028F71-001,2024-09-12,2024-09-12,565,1,0,1,1,False
CMM-INSTRU-05A689-001,2024-07-31,2024-07-31,608,1,0,1,1,False
CMM-INSTRU-05BCB8-001,2025-03-14,2025-03-14,382,0,1,1,1,False
CMM-INSTRU-07ECAA-001,2025-09-08,2025-09-08,204,1,0,1,1,False
CMM-INSTRU-0A8505-001,2025-12-31,2025-12-31,90,0,1,1,1,False
CMM-INSTRU-0B19E5-001,2024-01-21,2024-01-21,800,1,0,1,1,False
CMM-INSTRU-0B4CE5-001,2025-02-20,2025-02-20,404,1,0,1,1,False
CMM-INSTRU-0E74F1-001,2024-02-15,2024-11-14,502,2,0,1,2,True
CMM-INSTRU-110879-001,2025-04-29,2025-04-29,336,1,0,1,1,False
CMM-INSTRU-11CE56-001,2025-12-23,2025-12-23,98,0,1,1,1,False
CMM-INSTRU-161206-001,2024-06-05,2024-06-05,664,1,0,1,1,False
CMM-INSTRU-1709F9-001,2024-04-16,2025-10-19,163,2,0,1,2,True
CMM-INSTRU-17D92D-001,2024-11-06,2024-11-06,510,1,0,1,1,False
CMM-INSTRU-1860D4-001,2024-09-06,2024-09-06,571,0,1,1,1,False
CMM-INSTRU-1887F6-001,2025-04-17,2025-04-17,348,1,0,1,1,False
CMM-INSTRU-192BB2-001,2025-08-06,2025-08-06,237,1,0,1,1,False
CMM-INSTRU-1A2E94-001,2024-06-04,2024-06-04,665,1,0,1,1,False
CMM-INSTRU-1A3D47-001,2025-11-04,2025-11-04,147,0,1,1,1,False
CMM-INSTRU-1E073D-001,2024-02-07,2025-11-04,147,9,7,4,14,True
CMM-INSTRU-1F0427-001,2025-05-05,2025-05-05,330,0,1,1,1,False
CMM-INSTRU-201B86-001,2025-12-20,2025-12-20,101,1,0,1,1,False
CMM-INSTRU-205218-001,2024-02-28,2025-05-11,324,1,1,1,2,True
CMM-INSTRU-206534-001,2025-03-26,2025-03-26,370,1,0,1,1,False
CMM-INSTRU-20EC15-001,2024-02-03,2024-02-03,787,1,0,1,1,False
CMM-INSTRU-21B419-001,2024-12-06,2024-12-06,480,1,0,1,1,False
CMM-INSTRU-21D516-001,2024-10-31,2025-11-07,144,4,0,1,4,True
CMM-INSTRU-22FF74-001,2024-05-09,2025-03-23,373,5,1,1,5,True
CMM-INSTRU-26CA5D-001,2024-06-06,2024-06-06,663,1,0,1,1,False
CMM-INSTRU-277A84-001,2025-12-02,2025-12-02,119,1,0,1,1,False
CMM-INSTRU-278970-001,2025-05-31,2025-05-31,304,1,0,1,1,False
CMM-INSTRU-27F467-001,2025-08-20,2025-08-20,223,1,0,1,1,False
CMM-INSTRU-28A277-001,2024-07-12,2024-07-12,627,1,0,1,1,False
CMM-INSTRU-29D6B2-001,2025-07-10,2025-07-10,264,1,0,1,1,False
CMM-INSTRU-2A021A-001,2025-04-12,2025-04-12,353,0,1,1,1,False
CMM-INSTRU-2A3760-001,2024-04-20,2025-05-19,316,0,2,2,2,True
CMM-INSTRU-2A4F7B-001,2025-01-05,2025-01-05,450,0,1,1,1,False
CMM-INSTRU-2B3635-001,2025-08-17,2025-08-17,226,0,1,1,1,False
CMM-INSTRU-2B591E-001,2024-02-25,2025-11-14,137,9,1,3,10,True
CMM-INSTRU-2BA489-001,2025-12-25,2025-12-25,96,1,0,1,1,False
CMM-INSTRU-2CF9D0-001,2025-06-20,2025-06-20,284,1,0,1,1,False
CMM-INSTRU-30F87D-001,2024-02-27,2024-02-27,763,1,0,1,1,False
CMM-INSTRU-31164A-001,2024-10-09,2024-10-09,538,1,0,1,1,False
CMM-INSTRU-31BA4A-001,2024-04-06,2024-04-06,724,1,0,1,1,False
CMM-INSTRU-325A21-001,2024-06-16,2025-10-19,163,2,0,1,2,True
CMM-INSTRU-34E917-001,2025-02-12,2025-02-12,412,1,0,1,1,False
CMM-INSTRU-35893A-001,2025-09-25,2025-09-25,187,1,0,1,1,False
CMM-INSTRU-35F2E5-001,2024-02-10,2024-02-10,780,0,1,1,1,False
CMM-INSTRU-361F41-001,2024-10-05,2024-10-05,542,1,0,1,1,False
CMM-INSTRU-3688F6-001,2024-02-02,2025-04-25,340,8,0,1,8,True
CMM-INSTRU-3717F9-001,2025-09-04,2025-09-04,208,0,1,1,1,False
CMM-INSTRU-37E984-001,2025-01-31,2025-01-31,424,1,0,1,1,False
CMM-INSTRU-38AF26-001,2025-06-10,2025-06-10,294,1,0,1,1,False
CMM-INSTRU-39CF5A-001,2025-09-04,2025-09-04,208,1,0,1,1,False
CMM-INSTRU-3A53FA-001,2024-09-28,2024-09-28,549,1,0,1,1,False
CMM-INSTRU-3B81E6-001,2024-03-27,2024-03-27,734,1,0,1,1,False
CMM-INSTRU-3CF0AA-001,2024-05-20,2024-05-20,680,0,1,1,1,False
CMM-INSTRU-3DE2D9-001,2025-08-09,2025-08-09,234,1,0,1,1,False
CMM-INSTRU-3E1411-001,2024-09-21,2024-09-21,556,1,0,1,1,False
CMM-INSTRU-40C5B3-001,2024-01-11,2024-10-05,542,4,0,2,4,True
CMM-INSTRU-43CEC1-001,2024-06-01,2024-06-01,668,1,0,1,1,False
CMM-INSTRU-441159-001,2024-10-19,2024-10-19,528,0,1,1,1,False
CMM-INSTRU-450866-001,2024-05-03,2024-05-03,697,0,1,1,1,False
CMM-INSTRU-472245-001,2024-01-14,2025-07-03,271,3,1,2,4,True
CMM-INSTRU-4981D6-001,2025-09-20,2025-09-20,192,1,0,1,1,False
CMM-INSTRU-4B7871-001,2025-06-23,2025-06-23,281,0,1,1,1,False
CMM-INSTRU-4D969D-001,2025-04-04,2025-04-04,361,1,0,1,1,False
CMM-INSTRU-506F2A-001,2025-03-20,2025-03-20,376,1,0,1,1,False
CMM-INSTRU-531B25-001,2024-08-25,2024-08-25,583,1,0,1,1,False
CMM-INSTRU-557134-001,2025-07-08,2025-07-08,266,0,1,1,1,False
CMM-INSTRU-57243E-001,2024-02-03,2024-02-03,787,1,0,1,1,False
CMM-INSTRU-58342A-001,2024-04-28,2025-11-24,127,6,0,1,5,True
CMM-INSTRU-58EF54-001,2025-10-10,2025-10-10,172,0,1,1,1,False
CMM-INSTRU-59A2A6-001,2024-03-04,2025-08-20,223,3,2,1,5,True
CMM-INSTRU-5C9385-001,2024-06-27,2024-06-27,642,1,0,1,1,False
CMM-INSTRU-5F3CF8-001,2024-12-27,2025-01-03,452,2,0,1,2,True
CMM-INSTRU-617080-001,2025-03-01,2025-03-01,395,1,0,1,1,False
CMM-INSTRU-61E856-001,2024-02-06,2025-08-05,238,1,2,1,3,True
CMM-INSTRU-63802F-001,2024-02-29,2024-02-29,761,1,0,1,1,False
CMM-INSTRU-63AE9C-001,2024-06-08,2024-06-08,661,1,0,1,1,False
CMM-INSTRU-6B0B6E-001,2024-12-30,2024-12-30,456,1,0,1,1,False
CMM-INSTRU-6B7F1D-001,2024-04-20,2024-04-20,710,0,1,1,1,False
CMM-INSTRU-6BA797-001,2025-01-17,2025-01-17,438,1,0,1,1,False
CMM-INSTRU-6D1EBF-001,2025-01-26,2025-01-26,429,1,0,1,1,False
CMM-INSTRU-6E3A7C-001,2025-07-18,2025-07-18,256,1,0,1,1,False
CMM-INSTRU-6F22C1-001,2025-07-08,2025-07-08,266,0,1,1,1,False
CMM-INSTRU-70A392-001,2024-01-18,2024-01-18,803,1,0,1,1,False
CMM-INSTRU-70AE3A-001,2024-05-21,2024-05-21,679,1,0,1,1,False
CMM-INSTRU-71B89B-001,2025-07-14,2025-07-14,260,0,1,1,1,False
CMM-INSTRU-746A35-001,2024-03-18,2025-11-06,145,4,4,2,8,True
CMM-INSTRU-76250E-001,2025-02-24,2025-02-24,400,1,0,1,1,False
CMM-INSTRU-763724-001,2024-04-27,2024-04-27,703,1,0,1,1,False
CMM-INSTRU-765732-001,2024-06-18,2024-06-18,651,0,1,1,1,False
CMM-INSTRU-7697FA-001,2024-09-14,2024-12-24,462,2,0,1,2,True
CMM-INSTRU-76A4D1-001,2024-03-29,2025-07-09,265,3,1,2,4,True
CMM-INSTRU-76A779-001,2024-05-29,2024-05-29,671,1,0,1,1,False
CMM-INSTRU-770DEC-001,2025-08-25,2025-08-25,218,1,0,1,1,False
CMM-INSTRU-77851D-001,2024-03-26,2025-12-08,113,1,1,2,2,True
CMM-INSTRU-794286-001,2024-11-22,2024-11-22,494,1,0,1,1,False
CMM-INSTRU-7A3205-001,2024-02-10,2025-12-15,106,8,7,2,15,True
CMM-INSTRU-7B18F9-001,2025-01-19,2025-01-19,436,1,0,1,1,False
CMM-INSTRU-7BB3AA-001,2025-12-14,2025-12-14,107,1,0,1,1,False
CMM-INSTRU-7D7EC5-001,2024-07-31,2024-07-31,608,0,1,1,1,False
CMM-INSTRU-7F6F9D-001,2025-04-09,2025-04-09,356,1,0,1,1,False
CMM-INSTRU-8059CB-001,2024-03-12,2024-03-12,749,1,0,1,1,False
CMM-INSTRU-80EC8A-001,2025-02-01,2025-02-01,423,1,0,1,1,False
CMM-INSTRU-81A3AD-001,2025-10-30,2025-10-30,152,1,0,1,1,False
CMM-INSTRU-8255AD-001,2024-02-26,2024-02-26,764,0,1,1,1,False
CMM-INSTRU-82A6A9-001,2024-10-25,2024-10-25,522,0,1,1,1,False
CMM-INSTRU-8383E5-001,2024-09-11,2025-07-21,253,1,1,1,2,True
CMM-INSTRU-839017-001,2024-01-13,2024-01-13,808,0,1,1,1,False
CMM-INSTRU-83BD2D-001,2025-01-23,2025-01-23,432,1,0,1,1,False
CMM-INSTRU-85D49D-001,2024-04-10,2024-04-10,720,0,1,1,1,False
CMM-INSTRU-86F6A1-001,2024-07-09,2024-07-09,630,1,0,1,1,False
CMM-INSTRU-8CA6B6-001,2024-02-26,2024-02-26,764,1,0,1,1,False
CMM-INSTRU-8F40E1-001,2024-09-07,2024-09-07,570,1,0,1,1,False
CMM-INSTRU-9139D9-001,2024-08-06,2024-08-06,602,1,0,1,1,False
CMM-INSTRU-91D2D9-001,2025-03-18,2025-03-18,378,0,1,1,1,False
CMM-INSTRU-921D2D-001,2024-04-30,2024-04-30,700,0,1,1,1,False
CMM-INSTRU-9440ED-001,2024-10-15,2024-10-15,532,0,1,1,1,False
CMM-INSTRU-98114D-001,2024-07-09,2024-07-09,630,0,1,1,1,False
CMM-INSTRU-984885-001,2025-05-09,2025-05-09,326,1,0,1,1,False
CMM-INSTRU-9A8BBD-001,2024-08-16,2024-08-16,592,0,1,1,1,False
CMM-INSTRU-A1E54E-001,2025-05-10,2025-05-10,325,1,0,1,1,False
CMM-INSTRU-A280D1-001,2024-03-06,2024-03-06,755,1,0,1,1,False
CMM-INSTRU-A525E5-001,2024-10-07,2024-10-07,540,0,1,1,1,False
CMM-INSTRU-A59364-001,2024-01-09,2024-01-09,812,1,0,1,1,False
CMM-INSTRU-A60B7A-001,2024-03-21,2024-03-21,740,1,0,1,1,False
CMM-INSTRU-A66AB3-001,2025-10-26,2025-10-26,156,1,0,1,1,False
CMM-INSTRU-A68FF3-001,2024-08-05,2024-08-05,603,1,0,1,1,False
CMM-INSTRU-A6D775-001,2024-10-15,2024-10-15,532,0,1,1,1,False
CMM-INSTRU-A7D80C-001,2024-09-19,2024-09-19,558,1,0,1,1,False
CMM-INSTRU-A874B5-001,2024-01-23,2024-01-23,798,1,0,1,1,False
CMM-INSTRU-A88132-001,2025-12-13,2025-12-13,108,1,0,1,1,False
CMM-INSTRU-AA1EFB-001,2024-02-17,2025-09-18,194,2,0,1,2,True
CMM-INSTRU-AAA211-001,2024-04-23,2024-04-23,707,1,0,1,1,False
CMM-INSTRU-ABABE6-001,2025-03-17,2025-03-17,379,0,1,1,1,False
CMM-INSTRU-AC7EC7-001,2024-11-13,2024-11-13,503,1,0,1,1,False
CMM-INSTRU-AE7E4B-001,2025-11-12,2025-11-12,139,0,1,1,1,False
CMM-INSTRU-AECA78-001,2025-10-23,2025-10-23,159,1,0,1,1,False
CMM-INSTRU-B12635-001,2024-04-01,2025-05-10,325,1,1,1,2,True
CMM-INSTRU-B2DA61-001,2025-07-23,2025-07-23,251,1,0,1,1,False
CMM-INSTRU-B41971-001,2025-09-26,2025-09-26,186,0,1,1,1,False
CMM-INSTRU-B6F610-001,2025-02-14,2025-02-14,410,1,0,1,1,False
CMM-INSTRU-B87CE6-001,2024-11-08,2024-11-08,508,0,1,1,1,False
CMM-INSTRU-B9CBD1-001,2025-11-13,2025-11-13,138,1,0,1,1,False
CMM-INSTRU-BB5756-001,2024-08-04,2024-08-04,604,1,0,1,1,False
CMM-INSTRU-BC26EA-001,2025-05-22,2025-05-22,313,1,0,1,1,False
CMM-INSTRU-BD17DE-001,2025-05-14,2025-05-14,321,1,0,1,1,False
CMM-INSTRU-C00875-001,2025-10-19,2025-10-19,163,1,0,1,1,False
CMM-INSTRU-C19E45-001,2025-04-21,2025-04-21,344,1,0,1,1,False
CMM-INSTRU-C25520-001,2025-01-07,2025-01-07,448,0,1,1,1,False
CMM-INSTRU-C368B5-001,2024-05-24,2024-07-27,612,1,1,1,1,False
CMM-INSTRU-C48687-001,2025-04-23,2025-04-23,342,1,0,1,1,False
CMM-INSTRU-C4873D-001,2024-05-01,2025-10-09,173,3,3,2,6,True
CMM-INSTRU-C5E6DF-001,2024-04-06,2024-04-06,724,0,1,1,1,False
CMM-INSTRU-C75E96-001,2024-10-15,2025-02-20,404,0,2,1,2,True
CMM-INSTRU-C7F4D5-001,2024-08-22,2025-09-30,182,7,0,2,7,True
CMM-INSTRU-C84B51-001,2025-02-06,2025-02-06,418,1,0,1,1,False
CMM-INSTRU-C88038-001,2024-07-30,2024-07-30,609,1,0,1,1,False
CMM-INSTRU-CA1232-001,2024-01-27,2024-01-27,794,1,0,1,1,False
CMM-INSTRU-CB6E34-001,2025-05-08,2025-05-08,327,1,0,1,1,False
CMM-INSTRU-CC23D7-001,2024-10-24,2024-10-24,523,1,0,1,1,False
CMM-INSTRU-CC71D0-001,2025-11-06,2025-11-06,145,1,0,1,1,False
CMM-INSTRU-CFC777-001,2025-04-10,2025-04-10,355,1,0,1,1,False
CMM-INSTRU-D11F50-001,2024-11-12,2024-11-12,504,1,0,1,1,False
CMM-INSTRU-D1B610-001,2025-08-19,2025-08-19,224,1,0,1,1,False
CMM-INSTRU-D2336D-001,2024-03-31,2024-03-31,730,1,0,1,1,False
CMM-INSTRU-D3E979-001,2025-06-27,2025-06-27,277,1,0,1,1,False
CMM-INSTRU-D54418-001,2024-11-12,2024-11-12,504,1,0,1,1,False
CMM-INSTRU-DA4CFB-001,2025-07-18,2025-07-18,256,1,0,1,1,False
CMM-INSTRU-DD1D73-001,2025-11-17,2025-11-17,134,0,1,1,1,False
CMM-INSTRU-DD7A4B-001,2025-08-10,2025-08-10,233,0,1,1,1,False
CMM-INSTRU-DE763E-001,2024-08-17,2025-08-05,238,5,1,1,6,True
CMM-INSTRU-DF6A79-001,2024-06-29,2024-06-29,640,0,1,1,1,False
CMM-INSTRU-E031A2-001,2025-06-21,2025-06-21,283,1,0,1,1,False
CMM-INSTRU-E29AB1-001,2025-08-14,2025-08-14,229,1,0,1,1,False
CMM-INSTRU-E2B610-001,2025-12-02,2025-12-02,119,1,0,1,1,False
CMM-INSTRU-E2BD75-001,2024-10-26,2024-10-26,521,1,0,1,1,False
CMM-INSTRU-E32D55-001,2024-07-29,2024-07-29,610,1,0,1,1,False
CMM-INSTRU-E4C7BF-001,2025-12-08,2025-12-08,113,0,1,1,1,False
CMM-INSTRU-E503C1-001,2024-01-08,2024-01-08,813,1,0,1,1,False
CMM-INSTRU-E60432-001,2024-12-22,2024-12-22,464,1,0,1,1,False
CMM-INSTRU-E6A7DD-001,2024-08-06,2024-08-06,602,1,0,1,1,False
CMM-INSTRU-E72497-001,2024-08-17,2025-12-28,93,2,0,1,2,True
CMM-INSTRU-E82054-001,2024-05-23,2025-12-26,95,2,4,1,5,True
CMM-INSTRU-EA8D3C-001,2025-11-11,2025-11-11,140,1,0,1,1,False
CMM-INSTRU-EAC10E-001,2025-07-08,2025-07-08,266,1,0,1,1,False
CMM-INSTRU-EB6001-001,2025-10-18,2025-10-18,164,1,0,1,1,False
CMM-INSTRU-EB947D-001,2025-04-16,2025-04-16,349,0,1,1,1,False
CMM-INSTRU-EBBC49-001,2024-12-02,2025-04-16,349,2,0,1,2,True
CMM-INSTRU-EC1734-001,2025-01-25,2025-01-25,430,1,0,1,1,False
CMM-INSTRU-ED66C6-001,2024-09-10,2024-09-10,567,0,1,1,1,False
CMM-INSTRU-EFA3E9-001,2025-11-27,2025-11-27,124,1,0,1,1,False
CMM-INSTRU-F2E1ED-001,2024-09-08,2024-09-08,569,0,1,1,1,False
CMM-INSTRU-F3707C-001,2024-01-09,2025-10-11,171,5,3,2,8,True
CMM-INSTRU-F5D31C-001,2025-02-28,2025-02-28,396,1,0,1,1,False
CMM-INSTRU-F69E7C-001,2025-03-23,2025-03-23,373,1,0,1,1,False
CMM-INSTRU-F70EB1-001,2025-09-07,2025-09-07,205,1,0,1,1,False
CMM-INSTRU-F9E8D4-001,2025-07-07,2025-07-07,267,1,0,1,1,False
CMM-INSTRU-FA37B9-001,2025-09-06,2025-09-06,206,1,0,1,1,False
CMM-INSTRU-FECC9D-001,2024-05-01,2025-12-12,109,7,2,1,9,True
CMM-PIPEF-002995-001,2024-02-12,2024-02-12,778,1,0,1,1,False
CMM-PIPEF-019229-001,2025-09-16,2025-09-16,196,0,1,1,1,False
CMM-PIPEF-02B98F-001,2024-03-05,2024-03-05,756,1,0,1,1,False
CMM-PIPEF-03B9C8-001,2025-04-05,2025-04-05,360,1,0,1,1,False
CMM-PIPEF-058FDC-001,2025-04-20,2025-04-20,345,1,0,1,1,False
CMM-PIPEF-06300F-001,2025-03-28,2025-03-28,368,1,0,1,1,False
CMM-PIPEF-0795D9-001,2024-10-26,2024-10-26,521,1,0,1,1,False
CMM-PIPEF-08F7AE-001,2024-09-07,2024-09-07,570,1,0,1,1,False
CMM-PIPEF-0AE348-001,2025-01-07,2025-01-07,448,1,0,1,1,False
CMM-PIPEF-0E4F2B-001,2024-01-26,2025-11-29,122,1,1,1,2,True
CMM-PIPEF-100E96-001,2024-07-28,2025-09-12,200,5,0,1,5,True
CMM-PIPEF-11F53A-001,2024-01-06,2025-12-05,116,3,1,1,4,True
CMM-PIPEF-155E3F-001,2024-04-03,2025-12-21,100,1,1,1,2,True
CMM-PIPEF-19443B-001,2025-07-12,2025-07-12,262,1,0,1,1,False
CMM-PIPEF-19DF58-001,2024-09-05,2024-09-05,572,1,0,1,1,False
CMM-PIPEF-1A50F6-001,2025-07-19,2025-07-19,255,1,0,1,1,False
CMM-PIPEF-1AA69E-001,2025-07-21,2025-07-21,253,1,0,1,1,False
CMM-PIPEF-2725B7-001,2024-04-18,2025-10-17,165,2,0,1,2,True
CMM-PIPEF-285DD4-001,2025-11-06,2025-11-06,145,1,0,1,1,False
CMM-PIPEF-295916-001,2025-11-01,2025-11-01,150,0,1,1,1,False
CMM-PIPEF-2B325D-001,2024-12-19,2025-11-25,126,1,1,1,2,True
CMM-PIPEF-304077-001,2025-03-12,2025-03-12,384,1,0,1,1,False
CMM-PIPEF-31AE63-001,2025-01-02,2025-01-02,453,1,0,1,1,False
CMM-PIPEF-3217BF-001,2025-06-10,2025-06-10,294,1,0,1,1,False
CMM-PIPEF-358D39-001,2024-01-14,2025-12-13,108,4,0,1,4,True
CMM-PIPEF-3751A6-001,2024-11-28,2024-11-28,488,0,1,1,1,False
CMM-PIPEF-37FF2E-001,2025-09-04,2025-09-04,208,1,0,1,1,False
CMM-PIPEF-3896FB-001,2024-12-30,2024-12-30,456,0,1,1,1,False
CMM-PIPEF-3BAF8F-001,2024-03-22,2025-12-30,91,6,0,1,6,True
CMM-PIPEF-3C5B7C-001,2024-05-02,2025-08-11,232,3,2,1,5,True
CMM-PIPEF-3CB594-001,2025-08-27,2025-08-27,216,1,0,1,1,False
CMM-PIPEF-3E8CCB-001,2024-04-04,2024-04-04,726,1,0,1,1,False
CMM-PIPEF-3F10E4-001,2024-05-25,2024-05-25,675,1,0,1,1,False
CMM-PIPEF-3FF582-001,2024-09-17,2024-09-17,560,1,0,1,1,False
CMM-PIPEF-41F75E-001,2025-06-12,2025-06-12,292,1,0,1,1,False
CMM-PIPEF-42698F-001,2024-03-08,2025-10-07,175,3,0,1,3,True
CMM-PIPEF-42F2AE-001,2025-03-10,2025-03-10,386,1,0,1,1,False
CMM-PIPEF-47C93B-001,2024-01-03,2024-01-03,818,1,0,1,1,False
CMM-PIPEF-4850B0-001,2024-03-03,2024-03-03,758,1,0,1,1,False
CMM-PIPEF-49C4F4-001,2024-01-13,2025-01-16,439,3,0,1,3,True
CMM-PIPEF-4A805C-001,2025-08-17,2025-08-17,226,0,1,1,1,False
CMM-PIPEF-4AA96E-001,2025-09-05,2025-09-05,207,1,0,1,1,False
CMM-PIPEF-4D7A52-001,2025-09-07,2025-09-07,205,1,0,1,1,False
CMM-PIPEF-4E2A15-001,2024-04-28,2025-11-11,140,3,0,1,3,True
CMM-PIPEF-5115C2-001,2024-04-20,2024-04-20,710,1,0,1,1,False
CMM-PIPEF-52E0BE-001,2025-07-16,2025-07-16,258,0,1,1,1,False
CMM-PIPEF-54E39F-001,2025-04-26,2025-04-26,339,1,0,1,1,False
CMM-PIPEF-567132-001,2024-06-28,2024-11-28,488,1,1,1,2,True
CMM-PIPEF-577FE7-001,2025-08-19,2025-08-19,224,0,1,1,1,False
CMM-PIPEF-57AB81-001,2025-02-22,2025-02-22,402,0,1,1,1,False
CMM-PIPEF-5A0AFC-001,2024-01-18,2024-01-18,803,1,0,1,1,False
CMM-PIPEF-5A39EE-001,2025-08-15,2025-08-15,228,0,1,1,1,False
CMM-PIPEF-5CAA25-001,2025-04-08,2025-04-08,357,1,0,1,1,False
CMM-PIPEF-5D7A3B-001,2024-06-06,2024-06-06,663,0,1,1,1,False
CMM-PIPEF-5F29C1-001,2025-08-24,2025-08-24,219,1,0,1,1,False
CMM-PIPEF-5FC852-001,2024-08-15,2025-12-22,99,2,0,1,2,True
CMM-PIPEF-600943-001,2025-09-17,2025-09-17,195,1,0,1,1,False
CMM-PIPEF-636EA0-001,2025-01-14,2025-01-14,441,1,0,1,1,False
CMM-PIPEF-67E91A-001,2024-10-29,2025-10-10,172,1,1,1,2,True
CMM-PIPEF-68A5E4-001,2024-09-18,2025-01-06,449,3,1,1,4,True
CMM-PIPEF-6980E3-001,2025-01-21,2025-01-21,434,1,0,1,1,False
CMM-PIPEF-69E890-001,2024-07-29,2024-12-29,457,2,0,1,2,True
CMM-PIPEF-6B3D5C-001,2024-04-21,2024-04-21,709,1,0,1,1,False
CMM-PIPEF-6BB345-001,2024-02-16,2024-02-16,774,0,1,1,1,False
CMM-PIPEF-6C2AF1-001,2025-12-07,2025-12-07,114,1,0,1,1,False
CMM-PIPEF-6ED031-001,2024-10-24,2024-10-24,523,1,0,1,1,False
CMM-PIPEF-722ED3-001,2025-09-05,2025-09-05,207,1,0,1,1,False
CMM-PIPEF-7284AD-001,2024-03-05,2024-03-05,756,1,0,1,1,False
CMM-PIPEF-7491FE-001,2024-01-25,2024-01-25,796,1,0,1,1,False
CMM-PIPEF-773DC4-001,2025-04-07,2025-04-07,358,0,1,1,1,False
CMM-PIPEF-775C7D-001,2025-09-08,2025-10-25,157,2,0,1,2,True
CMM-PIPEF-779420-001,2024-08-03,2025-07-28,246,4,0,1,4,True
CMM-PIPEF-78ED74-001,2024-06-07,2024-06-07,662,1,0,1,1,False
CMM-PIPEF-7963C4-001,2024-09-24,2024-09-24,553,1,0,1,1,False
CMM-PIPEF-7A5764-001,2024-03-17,2025-03-29,367,4,0,1,4,True
CMM-PIPEF-7B9DF8-001,2024-08-13,2024-08-13,595,1,0,1,1,False
CMM-PIPEF-7DD684-001,2024-02-08,2024-02-08,782,0,1,1,1,False
CMM-PIPEF-7F1EC6-001,2024-12-01,2025-09-08,204,2,0,1,2,True
CMM-PIPEF-7F80EA-001,2025-11-13,2025-11-13,138,1,0,1,1,False
CMM-PIPEF-814451-001,2024-02-28,2025-01-15,440,4,0,1,3,True
CMM-PIPEF-814B57-001,2025-02-14,2025-04-17,348,2,0,1,2,True
CMM-PIPEF-8291FD-001,2025-07-14,2025-07-14,260,1,0,1,1,False
CMM-PIPEF-82D677-001,2024-09-22,2024-09-22,555,1,0,1,1,False
CMM-PIPEF-85C204-001,2024-12-24,2024-12-24,462,0,1,1,1,False
CMM-PIPEF-884E70-001,2024-07-04,2024-07-04,635,1,0,1,1,False
CMM-PIPEF-886747-001,2025-02-13,2025-08-11,232,3,1,1,4,True
CMM-PIPEF-887486-001,2024-09-08,2025-09-23,189,4,1,1,5,True
CMM-PIPEF-888E21-001,2024-02-27,2025-11-24,127,3,0,1,3,True
CMM-PIPEF-89C3D4-001,2024-05-16,2024-05-16,684,1,0,1,1,False
CMM-PIPEF-8A5B63-001,2025-08-17,2025-08-17,226,1,0,1,1,False
CMM-PIPEF-8B6C6B-001,2024-01-12,2024-01-12,809,1,0,1,1,False
CMM-PIPEF-8BCEEA-001,2025-07-17,2025-07-17,257,0,1,1,1,False
CMM-PIPEF-8F3A97-001,2024-09-05,2024-09-05,572,0,1,1,1,False
CMM-PIPEF-8FF216-001,2024-03-28,2024-03-28,733,1,0,1,1,False
CMM-PIPEF-900B09-001,2025-10-11,2025-10-11,171,1,0,1,1,False
CMM-PIPEF-9073A1-001,2024-02-24,2024-02-24,766,0,1,1,1,False
CMM-PIPEF-91BBA0-001,2025-03-02,2025-03-02,394,1,0,1,1,False
CMM-PIPEF-91DF1A-001,2024-02-10,2024-09-19,558,0,4,1,4,True
CMM-PIPEF-9AE949-001,2025-04-15,2025-04-15,350,1,0,1,1,False
CMM-PIPEF-9AEB33-001,2024-05-30,2025-07-01,273,2,0,1,2,True
CMM-PIPEF-9DF21B-001,2024-01-09,2024-01-09,812,1,0,1,1,False
CMM-PIPEF-9F26C6-001,2025-06-19,2025-06-19,285,1,0,1,1,False
CMM-PIPEF-9F54EF-001,2025-08-21,2025-08-21,222,1,0,1,1,False
CMM-PIPEF-9F93F7-001,2024-01-21,2024-07-29,610,5,0,1,5,True
CMM-PIPEF-A260FE-001,2025-10-24,2025-10-24,158,0,1,1,1,False
CMM-PIPEF-A31A67-001,2025-07-30,2025-07-30,244,1,0,1,1,False
CMM-PIPEF-A3FA45-001,2025-01-11,2025-01-11,444,1,0,1,1,False
CMM-PIPEF-A5CF70-001,2024-12-18,2024-12-18,468,0,1,1,1,False
CMM-PIPEF-A6DA56-001,2024-03-08,2025-10-29,153,2,1,1,3,True
CMM-PIPEF-A71D7A-001,2024-12-21,2025-11-05,146,0,2,1,2,True
CMM-PIPEF-A7BB01-001,2024-07-26,2025-07-27,247,2,0,1,2,True
CMM-PIPEF-A8BD86-001,2024-09-07,2025-10-10,172,5,1,1,6,True
CMM-PIPEF-A96212-001,2024-01-18,2024-03-09,752,2,0,1,2,True
CMM-PIPEF-A9D653-001,2025-06-11,2025-06-11,293,1,0,1,1,False
CMM-PIPEF-AAC4DA-001,2024-11-05,2025-10-16,166,2,1,1,3,True
CMM-PIPEF-AAEC9B-001,2025-11-21,2025-11-21,130,0,1,1,1,False
CMM-PIPEF-AC8950-001,2024-12-09,2024-12-09,477,1,0,1,1,False
CMM-PIPEF-AC9DDD-001,2025-09-20,2025-09-20,192,1,0,1,1,False
CMM-PIPEF-AE5889-001,2024-03-20,2025-09-10,202,4,2,1,6,True
CMM-PIPEF-B037FD-001,2024-04-25,2024-04-25,705,1,0,1,1,False
CMM-PIPEF-B10CF8-001,2025-11-23,2025-11-23,128,1,0,1,1,False
CMM-PIPEF-B58848-001,2025-03-23,2025-03-23,373,1,0,1,1,False
CMM-PIPEF-B67BA6-001,2024-03-30,2024-03-30,731,1,0,1,1,False
CMM-PIPEF-B78A58-001,2024-06-30,2025-03-03,393,0,2,1,2,True
CMM-PIPEF-B8E209-001,2024-05-03,2024-05-03,697,0,1,1,1,False
CMM-PIPEF-B95E69-001,2024-01-23,2025-09-10,202,2,0,1,2,True
CMM-PIPEF-BA55E3-001,2025-05-29,2025-05-29,306,0,1,1,1,False
CMM-PIPEF-BB0A61-001,2024-09-05,2024-09-05,572,1,0,1,1,False
CMM-PIPEF-BB81D7-001,2025-04-06,2025-04-06,359,0,1,1,1,False
CMM-PIPEF-BBD3DF-001,2024-04-16,2025-07-29,245,4,2,1,6,True
CMM-PIPEF-BC9186-001,2024-05-22,2024-05-22,678,0,1,1,1,False
CMM-PIPEF-BDCB94-001,2024-11-27,2024-11-27,489,1,0,1,1,False
CMM-PIPEF-BED3C9-001,2025-05-01,2025-05-01,334,1,0,1,1,False
CMM-PIPEF-BF141A-001,2024-07-20,2024-10-20,527,1,1,1,2,True
CMM-PIPEF-C0AB5E-001,2024-02-18,2024-06-21,648,0,2,1,2,True
CMM-PIPEF-C0D9F6-001,2024-10-27,2024-10-27,520,1,0,1,1,False
CMM-PIPEF-C2B826-001,2024-02-25,2024-02-25,765,0,1,1,1,False
CMM-PIPEF-C49BFE-001,2024-05-25,2024-05-25,675,0,1,1,1,False
CMM-PIPEF-C59503-001,2024-04-14,2024-04-14,716,1,0,1,1,False
CMM-PIPEF-C9F1AA-001,2024-12-01,2025-07-31,243,4,1,1,5,True
CMM-PIPEF-CA4F29-001,2024-05-20,2025-10-16,166,2,1,1,3,True
CMM-PIPEF-CBA628-001,2024-03-23,2024-03-23,738,1,0,1,1,False
CMM-PIPEF-CD4628-001,2025-09-25,2025-09-25,187,1,0,1,1,False
CMM-PIPEF-D21766-001,2025-09-14,2025-09-14,198,1,0,1,1,False
CMM-PIPEF-D3CC49-001,2025-10-05,2025-10-05,177,1,0,1,1,False
CMM-PIPEF-D565F3-001,2024-01-17,2024-12-14,472,2,2,1,4,True
CMM-PIPEF-D67C66-001,2024-01-08,2025-03-25,371,3,3,1,6,True
CMM-PIPEF-D724AE-001,2025-06-08,2025-07-11,263,0,2,1,2,True
CMM-PIPEF-DFE33C-001,2025-01-29,2025-01-29,426,1,0,1,1,False
CMM-PIPEF-E0FB6D-001,2024-01-08,2025-11-25,126,3,2,1,5,True
CMM-PIPEF-E34F2C-001,2025-01-24,2025-01-24,431,1,0,1,1,False
CMM-PIPEF-E48498-001,2025-03-20,2025-03-20,376,1,0,1,1,False
CMM-PIPEF-E61CD1-001,2024-06-05,2024-06-05,664,1,0,1,1,False
CMM-PIPEF-EB17F7-001,2024-07-25,2025-06-20,284,3,2,1,5,True
CMM-PIPEF-ED1BE7-001,2024-01-18,2025-11-06,145,4,0,1,4,True
CMM-PIPEF-EE1D45-001,2024-07-26,2025-02-07,417,2,0,1,2,True
CMM-PIPEF-F2A7E6-001,2025-07-30,2025-07-30,244,1,0,1,1,False
CMM-PIPEF-F76C77-001,2024-01-09,2025-08-10,233,5,1,1,5,True
CMM-PIPEF-F7D030-001,2024-08-27,2024-08-27,581,0,1,1,1,False
CMM-PIPEF-F80E7A-001,2024-12-03,2024-12-03,483,0,1,1,1,False
CMM-PIPEF-FAA474-001,2024-12-11,2024-12-11,475,1,0,1,1,False
CMM-PIPEF-FACAE4-001,2024-01-26,2024-01-26,795,1,0,1,1,False
CMM-PIPEF-FEC860-001,2024-04-11,2024-10-23,524,1,1,1,2,True
CMM-PUMP-012B36-001,2025-10-26,2025-10-26,156,0,1,1,1,False
CMM-PUMP-01669B-001,2024-08-10,2024-08-10,598,0,1,1,1,False
CMM-PUMP-01C96F-001,2024-06-11,2024-06-11,658,0,1,1,1,False
CMM-PUMP-04A30D-001,2024-10-07,2025-11-07,144,0,2,1,2,True
CMM-PUMP-04B5DC-001,2025-11-18,2025-11-18,133,0,1,1,1,False
CMM-PUMP-0645FB-001,2024-02-15,2024-02-15,775,1,0,1,1,False
CMM-PUMP-06B966-001,2024-02-18,2024-02-18,772,1,0,1,1,False
CMM-PUMP-0804F8-001,2025-07-14,2025-07-14,260,1,0,1,1,False
CMM-PUMP-08A544-001,2024-11-25,2024-11-25,491,1,0,1,1,False
CMM-PUMP-0920CA-001,2024-12-16,2024-12-16,470,1,0,1,1,False
CMM-PUMP-0AAE0E-001,2024-02-15,2024-02-15,775,1,0,1,1,False
CMM-PUMP-0F45F6-001,2024-04-26,2025-05-18,317,5,0,1,5,True
CMM-PUMP-10BBEC-001,2024-02-28,2024-02-28,762,1,0,1,1,False
CMM-PUMP-12FC7D-001,2024-08-22,2024-08-22,586,1,0,1,1,False
CMM-PUMP-1359D8-001,2024-12-25,2024-12-25,461,1,0,1,1,False
CMM-PUMP-137846-001,2024-05-29,2025-03-20,376,2,0,1,2,True
CMM-PUMP-13DAB4-001,2024-09-10,2025-11-04,147,2,3,1,4,True
CMM-PUMP-165443-001,2024-12-18,2024-12-18,468,1,0,1,1,False
CMM-PUMP-173478-001,2024-03-03,2025-11-06,145,4,0,1,4,True
CMM-PUMP-17CA42-001,2024-08-13,2024-08-13,595,1,0,1,1,False
CMM-PUMP-17F830-001,2025-06-16,2025-06-16,288,0,1,1,1,False
CMM-PUMP-18DC6B-001,2025-07-19,2025-07-19,255,0,1,1,1,False
CMM-PUMP-194977-001,2025-05-02,2025-05-02,333,1,0,1,1,False
CMM-PUMP-1ABEEE-001,2024-06-24,2024-06-24,645,1,0,1,1,False
CMM-PUMP-1E1136-001,2024-05-03,2024-05-03,697,1,0,1,1,False
CMM-PUMP-1E2E39-001,2025-09-17,2025-09-17,195,1,0,1,1,False
CMM-PUMP-1EB531-001,2024-12-20,2024-12-20,466,1,0,1,1,False
CMM-PUMP-1ECC4D-001,2025-04-13,2025-04-13,352,0,1,1,1,False
CMM-PUMP-1F3C25-001,2024-01-21,2024-01-21,800,0,1,1,1,False
CMM-PUMP-21B057-001,2025-01-01,2025-01-01,454,1,0,1,1,False
CMM-PUMP-24EC34-001,2024-12-28,2024-12-28,458,1,0,1,1,False
CMM-PUMP-253D90-001,2025-06-01,2025-06-01,303,0,1,1,1,False
CMM-PUMP-257C0D-001,2024-08-13,2025-10-30,152,3,1,1,4,True
CMM-PUMP-28D343-001,2024-08-25,2024-08-25,583,0,1,1,1,False
CMM-PUMP-28DDB3-001,2024-10-13,2024-12-30,456,2,0,1,2,True
CMM-PUMP-29649A-001,2025-10-14,2025-10-14,168,1,0,1,1,False
CMM-PUMP-2970BB-001,2024-04-16,2024-04-16,714,1,0,1,1,False
CMM-PUMP-2F3FCE-001,2024-02-24,2025-10-27,155,1,2,1,3,True
CMM-PUMP-306AB1-001,2024-08-03,2024-08-03,605,0,1,1,1,False
CMM-PUMP-316E80-001,2024-01-27,2024-01-27,794,1,0,1,1,False
CMM-PUMP-326895-001,2025-04-15,2025-04-15,350,1,0,1,1,False
CMM-PUMP-329011-001,2024-01-10,2025-07-16,258,3,2,1,5,True
CMM-PUMP-353345-001,2024-10-13,2024-10-13,534,1,0,1,1,False
CMM-PUMP-357758-001,2024-06-05,2025-11-24,127,2,3,1,5,True
CMM-PUMP-36C5BF-001,2025-10-21,2025-10-21,161,0,1,1,1,False
CMM-PUMP-36F968-001,2024-05-31,2024-07-18,621,2,0,1,2,True
CMM-PUMP-372D2E-001,2025-03-16,2025-03-16,380,1,0,1,1,False
CMM-PUMP-380B77-001,2025-03-29,2025-03-29,367,0,1,1,1,False
CMM-PUMP-385649-001,2024-02-14,2024-02-14,776,1,0,1,1,False
CMM-PUMP-38A47A-001,2024-08-16,2024-08-16,592,1,0,1,1,False
CMM-PUMP-3A295D-001,2024-01-06,2024-01-06,815,1,0,1,1,False
CMM-PUMP-3A7BBD-001,2024-01-25,2024-01-25,796,0,1,1,1,False
CMM-PUMP-3C44B6-001,2025-12-21,2025-12-21,100,1,0,1,1,False
CMM-PUMP-3C7C8B-001,2024-01-17,2024-01-17,804,1,0,1,1,False
CMM-PUMP-3D5ACE-001,2024-03-16,2024-03-16,745,1,0,1,1,False
CMM-PUMP-3E4DCE-001,2025-01-27,2025-01-27,428,1,0,1,1,False
CMM-PUMP-3EE269-001,2025-01-14,2025-01-14,441,1,0,1,1,False
CMM-PUMP-3F4E20-001,2024-12-27,2024-12-27,459,1,0,1,1,False
CMM-PUMP-3FA360-001,2025-03-16,2025-03-16,380,0,1,1,1,False
CMM-PUMP-3FB8ED-001,2025-02-19,2025-02-19,405,1,0,1,1,False
CMM-PUMP-414F8C-001,2025-10-26,2025-10-26,156,0,1,1,1,False
CMM-PUMP-4274F0-001,2025-08-13,2025-08-13,230,0,1,1,1,False
CMM-PUMP-4393F2-001,2024-04-17,2025-05-13,322,1,1,1,2,True
CMM-PUMP-464541-001,2024-01-16,2024-01-16,805,1,0,1,1,False
CMM-PUMP-4753D7-001,2025-03-11,2025-03-11,385,0,1,1,1,False
CMM-PUMP-497521-001,2025-07-21,2025-07-21,253,0,1,1,1,False
CMM-PUMP-4DFD46-001,2025-11-06,2025-11-06,145,1,0,1,1,False
CMM-PUMP-4EB8E3-001,2025-08-20,2025-08-20,223,1,0,1,1,False
CMM-PUMP-5580D4-001,2024-08-27,2024-08-27,581,1,0,1,1,False
CMM-PUMP-5711FC-001,2025-02-05,2025-02-05,419,1,0,1,1,False
CMM-PUMP-5784B2-001,2024-10-29,2024-10-29,518,1,0,1,1,False
CMM-PUMP-5991EB-001,2024-08-03,2024-08-03,605,1,0,1,1,False
CMM-PUMP-5AE9A6-001,2025-10-04,2025-10-04,178,0,1,1,1,False
CMM-PUMP-5B4120-001,2024-11-29,2024-11-29,487,0,1,1,1,False
CMM-PUMP-5EDC22-001,2025-06-06,2025-06-06,298,1,0,1,1,False
CMM-PUMP-5F6083-001,2025-01-21,2025-01-21,434,0,1,1,1,False
CMM-PUMP-601ADC-001,2024-12-06,2024-12-06,480,1,0,1,1,False
CMM-PUMP-6061C6-001,2024-11-11,2024-11-16,500,2,0,1,2,True
CMM-PUMP-64429F-001,2024-09-20,2024-09-20,557,1,0,1,1,False
CMM-PUMP-648A86-001,2025-03-18,2025-03-18,378,1,0,1,1,False
CMM-PUMP-64CC94-001,2025-02-01,2025-02-01,423,1,0,1,1,False
CMM-PUMP-665015-001,2025-03-31,2025-03-31,365,1,0,1,1,False
CMM-PUMP-67F25D-001,2024-11-29,2025-06-21,283,1,1,1,2,True
CMM-PUMP-6BDDAA-001,2024-08-13,2024-08-13,595,1,0,1,1,False
CMM-PUMP-6DD060-001,2025-12-05,2025-12-05,116,1,0,1,1,False
CMM-PUMP-6EE615-001,2025-09-03,2025-09-03,209,1,0,1,1,False
CMM-PUMP-710588-001,2025-02-08,2025-02-08,416,0,1,1,1,False
CMM-PUMP-71A39E-001,2024-03-17,2025-08-21,222,3,2,1,5,True
CMM-PUMP-725848-001,2025-04-07,2025-04-07,358,1,0,1,1,False
CMM-PUMP-73D55D-001,2025-04-28,2025-04-28,337,0,1,1,1,False
CMM-PUMP-74714C-001,2024-07-20,2024-07-20,619,1,0,1,1,False
CMM-PUMP-74B50B-001,2025-09-11,2025-09-11,201,1,0,1,1,False
CMM-PUMP-74E3B9-001,2025-07-13,2025-07-13,261,1,0,1,1,False
CMM-PUMP-775659-001,2025-11-06,2025-11-06,145,1,0,1,1,False
CMM-PUMP-78BA26-001,2024-11-03,2024-11-03,513,1,0,1,1,False
CMM-PUMP-79599A-001,2024-10-14,2024-10-14,533,1,0,1,1,False
CMM-PUMP-7C2D89-001,2025-12-17,2025-12-17,104,0,1,1,1,False
CMM-PUMP-7D55C9-001,2025-03-09,2025-12-15,106,4,1,1,5,True
CMM-PUMP-7E6D57-001,2024-12-27,2024-12-27,459,1,0,1,1,False
CMM-PUMP-7F40B3-001,2025-04-10,2025-04-10,355,1,0,1,1,False
CMM-PUMP-824C56-001,2024-04-03,2025-06-24,280,1,1,1,2,True
CMM-PUMP-82AEB3-001,2024-02-16,2025-02-18,406,2,3,1,5,True
CMM-PUMP-837FD0-001,2024-03-04,2025-10-16,166,2,1,1,3,True
CMM-PUMP-84E179-001,2025-08-10,2025-08-10,233,0,1,1,1,False
CMM-PUMP-853E3B-001,2024-09-13,2024-09-13,564,1,0,1,1,False
CMM-PUMP-889829-001,2024-06-27,2024-06-27,642,1,0,1,1,False
CMM-PUMP-8B6C40-001,2025-02-09,2025-02-09,415,1,0,1,1,False
CMM-PUMP-8B76BE-001,2025-03-20,2025-03-20,376,1,0,1,1,False
CMM-PUMP-8BAE9F-001,2024-02-01,2025-11-17,134,5,1,1,6,True
CMM-PUMP-8C5B3F-001,2025-01-20,2025-01-20,435,0,1,1,1,False
CMM-PUMP-8DC0E9-001,2024-01-09,2024-01-09,812,1,0,1,1,False
CMM-PUMP-8E1E73-001,2025-09-17,2025-09-17,195,1,0,1,1,False
CMM-PUMP-904476-001,2024-02-19,2025-04-29,336,3,1,1,4,True
CMM-PUMP-9080C7-001,2024-09-05,2025-09-18,194,1,2,1,3,True
CMM-PUMP-90AAD2-001,2024-03-26,2024-03-26,735,1,0,1,1,False
CMM-PUMP-91FC08-001,2024-07-25,2024-07-25,614,1,0,1,1,False
CMM-PUMP-928AFC-001,2025-01-17,2025-01-17,438,1,0,1,1,False
CMM-PUMP-967877-001,2024-04-19,2024-04-19,711,0,1,1,1,False
CMM-PUMP-986768-001,2024-03-01,2025-11-18,133,4,2,1,6,True
CMM-PUMP-9B401B-001,2024-07-04,2025-08-20,223,1,1,1,2,True
CMM-PUMP-9C898C-001,2025-12-28,2025-12-28,93,1,0,1,1,False
CMM-PUMP-9E3831-001,2025-08-20,2025-08-20,223,1,0,1,1,False
CMM-PUMP-9ED4F4-001,2024-02-02,2025-08-04,239,4,2,1,6,True
CMM-PUMP-9FBD52-001,2025-03-06,2025-03-06,390,1,0,1,1,False
CMM-PUMP-A17412-001,2024-09-06,2024-09-06,571,1,0,1,1,False
CMM-PUMP-A2476D-001,2025-05-06,2025-05-06,329,1,0,1,1,False
CMM-PUMP-A2E964-001,2024-06-28,2024-06-28,641,1,0,1,1,False
CMM-PUMP-A34FDE-001,2025-04-09,2025-04-09,356,1,0,1,1,False
CMM-PUMP-A4C583-001,2025-03-02,2025-03-02,394,1,0,1,1,False
CMM-PUMP-A65FFE-001,2024-12-31,2024-12-31,455,1,0,1,1,False
CMM-PUMP-A94855-001,2024-06-19,2024-06-19,650,1,0,1,1,False
CMM-PUMP-A9BFE8-001,2025-08-13,2025-08-13,230,0,1,1,1,False
CMM-PUMP-AAD6FC-001,2025-07-30,2025-07-30,244,1,0,1,1,False
CMM-PUMP-AB7AFD-001,2025-08-24,2025-08-24,219,1,0,1,1,False
CMM-PUMP-ABADA7-001,2025-10-12,2025-10-12,170,1,0,1,1,False
CMM-PUMP-AEA48C-001,2024-08-30,2024-08-30,578,1,0,1,1,False
CMM-PUMP-B15BF5-001,2024-07-04,2024-07-04,635,0,1,1,1,False
CMM-PUMP-B641EB-001,2025-12-25,2025-12-25,96,0,1,1,1,False
CMM-PUMP-B65FD2-001,2025-02-03,2025-02-03,421,1,0,1,1,False
CMM-PUMP-B74A23-001,2024-10-13,2024-10-13,534,1,0,1,1,False
CMM-PUMP-B7CFA3-001,2024-07-24,2024-07-24,615,1,0,1,1,False
CMM-PUMP-B81BDC-001,2025-02-20,2025-02-20,404,1,0,1,1,False
CMM-PUMP-BA45D5-001,2024-03-27,2025-08-21,222,4,2,1,6,True
CMM-PUMP-BBD3FB-001,2024-05-08,2025-08-12,231,2,0,1,2,True
CMM-PUMP-BCF65E-001,2025-04-08,2025-04-08,357,1,0,1,1,False
CMM-PUMP-BE39AD-001,2024-04-06,2024-04-06,724,1,0,1,1,False
CMM-PUMP-BEDFE4-001,2024-02-01,2024-02-01,789,1,0,1,1,False
CMM-PUMP-BF91E1-001,2025-11-16,2025-11-16,135,1,0,1,1,False
CMM-PUMP-BFB563-001,2025-11-30,2025-11-30,121,1,0,1,1,False
CMM-PUMP-C081C4-001,2024-03-26,2024-03-26,735,1,0,1,1,False
CMM-PUMP-C0B737-001,2024-04-24,2024-04-24,706,1,0,1,1,False
CMM-PUMP-C134B9-001,2025-08-12,2025-08-12,231,1,0,1,1,False
CMM-PUMP-C152DF-001,2025-03-06,2025-03-06,390,1,0,1,1,False
CMM-PUMP-C1B804-001,2024-09-21,2024-09-21,556,0,1,1,1,False
CMM-PUMP-C1F38D-001,2025-06-28,2025-06-28,276,1,0,1,1,False
CMM-PUMP-C40088-001,2025-01-03,2025-12-17,104,1,1,1,2,True
CMM-PUMP-C56722-001,2025-06-27,2025-06-27,277,1,0,1,1,False
CMM-PUMP-C8FAAC-001,2024-04-25,2024-04-25,705,0,1,1,1,False
CMM-PUMP-C9BFA5-001,2024-08-31,2024-08-31,577,1,0,1,1,False
CMM-PUMP-CA9276-001,2024-12-03,2024-12-03,483,0,1,1,1,False
CMM-PUMP-CAB76F-001,2025-04-12,2025-04-12,353,1,0,1,1,False
CMM-PUMP-CAD34F-001,2024-09-21,2024-09-21,556,0,1,1,1,False
CMM-PUMP-CBCD97-001,2025-01-16,2025-11-29,122,1,1,1,2,True
CMM-PUMP-CD436E-001,2024-04-10,2024-09-09,568,1,1,1,2,True
CMM-PUMP-CDE241-001,2024-03-31,2024-03-31,730,1,0,1,1,False
CMM-PUMP-CDEB5A-001,2024-09-14,2024-09-14,563,0,1,1,1,False
CMM-PUMP-CF08C1-001,2024-01-06,2025-10-18,164,3,1,1,4,True
CMM-PUMP-D01AD9-001,2025-05-07,2025-05-07,328,0,1,1,1,False
CMM-PUMP-D06965-001,2024-11-12,2025-07-01,273,3,1,1,3,True
CMM-PUMP-D0ED1D-001,2024-01-09,2024-01-09,812,1,0,1,1,False
CMM-PUMP-D12801-001,2024-06-24,2024-06-24,645,0,1,1,1,False
CMM-PUMP-D1A263-001,2025-02-08,2025-02-08,416,1,0,1,1,False
CMM-PUMP-D1CD5C-001,2025-03-17,2025-03-17,379,1,0,1,1,False
CMM-PUMP-D36460-001,2024-08-08,2024-08-08,600,0,1,1,1,False
CMM-PUMP-D3FA3F-001,2024-12-02,2025-06-05,299,2,0,1,2,True
CMM-PUMP-D585B9-001,2025-02-16,2025-02-16,408,0,1,1,1,False
CMM-PUMP-DB6C55-001,2024-06-09,2025-04-29,336,5,0,1,5,True
CMM-PUMP-DBFE2C-001,2025-12-07,2025-12-07,114,0,1,1,1,False
CMM-PUMP-DFF5C6-001,2024-07-09,2024-07-09,630,1,0,1,1,False
CMM-PUMP-E00533-001,2025-01-29,2025-01-29,426,1,0,1,1,False
CMM-PUMP-E22A9D-001,2024-02-18,2025-02-14,410,0,2,1,2,True
CMM-PUMP-E31790-001,2024-02-08,2025-10-08,174,3,0,1,3,True
CMM-PUMP-E367B3-001,2025-04-22,2025-04-22,343,0,1,1,1,False
CMM-PUMP-E593A0-001,2025-07-26,2025-07-26,248,0,1,1,1,False
CMM-PUMP-E5F7C9-001,2025-05-30,2025-05-30,305,0,1,1,1,False
CMM-PUMP-E68106-001,2025-08-21,2025-08-21,222,1,0,1,1,False
CMM-PUMP-E80267-001,2025-03-22,2025-03-22,374,0,1,1,1,False
CMM-PUMP-E8E8DD-001,2024-12-20,2024-12-20,466,1,0,1,1,False
CMM-PUMP-E9BB25-001,2025-07-06,2025-07-06,268,1,0,1,1,False
CMM-PUMP-ED0D84-001,2024-11-04,2025-12-24,97,5,0,1,5,True
CMM-PUMP-EE6BE0-001,2024-07-28,2024-07-28,611,0,1,1,1,False
CMM-PUMP-EFB17A-001,2024-08-04,2025-12-05,116,5,1,1,6,True
CMM-PUMP-F1363E-001,2024-09-23,2024-09-23,554,0,1,1,1,False
CMM-PUMP-F243B1-001,2025-05-06,2025-05-06,329,0,1,1,1,False
CMM-PUMP-F2C290-001,2025-09-30,2025-09-30,182,1,0,1,1,False
CMM-PUMP-F3916E-001,2024-10-17,2025-11-02,149,2,2,2,4,True
CMM-PUMP-F5C782-001,2025-04-26,2025-04-26,339,1,0,1,1,False
CMM-PUMP-F75603-001,2025-06-15,2025-06-15,289,0,1,1,1,False
CMM-PUMP-F7EE1D-001,2024-10-12,2024-10-12,535,0,1,1,1,False
CMM-PUMP-FA44B3-001,2024-03-13,2025-09-05,207,4,0,2,4,True
CMM-PUMP-FC6AAF-001,2024-03-22,2025-05-18,317,4,2,1,6,True
CMM-PUMP-FC9A80-001,2025-03-04,2025-03-04,392,1,0,1,1,False
CMM-PUMP-FEF7B9-001,2025-06-16,2025-11-06,145,2,2,2,4,True
CMM-PUMP-FFC596-001,2025-03-27,2025-03-27,369,1,0,1,1,False
CMM-PUMP-FFED79-001,2025-08-03,2025-08-03,240,0,1,1,1,False
CMM-SEALG-067879-001,2024-09-26,2025-07-24,250,3,0,1,3,True
CMM-SEALG-091BCF-001,2024-03-25,2025-03-12,384,2,0,1,2,True
CMM-SEALG-099BED-001,2024-03-21,2024-12-20,466,2,0,1,2,True
CMM-SEALG-1331E7-001,2025-05-21,2025-12-18,103,2,0,1,2,True
CMM-SEALG-16E5D0-001,2024-07-06,2025-07-17,257,2,0,1,2,True
CMM-SEALG-18752C-001,2024-05-21,2025-09-20,192,4,2,1,6,True
CMM-SEALG-19C018-001,2024-10-27,2025-01-25,430,2,0,1,2,True
CMM-SEALG-1EEB61-001,2024-12-13,2025-10-18,164,3,1,1,4,True
CMM-SEALG-260F99-001,2024-04-13,2025-11-19,132,5,1,1,4,True
CMM-SEALG-29423B-001,2024-02-24,2025-12-14,107,4,2,1,6,True
CMM-SEALG-302F89-001,2025-08-28,2025-10-24,158,2,0,1,2,True
CMM-SEALG-31DF73-001,2024-08-14,2025-01-29,426,2,0,1,2,True
CMM-SEALG-33D848-001,2024-08-18,2024-08-18,590,1,1,1,2,True
CMM-SEALG-39168C-001,2024-04-06,2025-04-28,337,2,1,1,3,True
CMM-SEALG-439083-001,2024-06-12,2024-09-08,569,1,1,1,2,True
CMM-SEALG-61A948-001,2025-01-27,2025-05-16,319,1,1,1,2,True
CMM-SEALG-62C5E5-001,2024-04-08,2025-08-20,223,2,0,1,2,True
CMM-SEALG-66D3AC-001,2024-03-03,2025-07-10,264,5,1,1,6,True
CMM-SEALG-66F853-001,2024-07-11,2025-11-21,130,2,2,1,4,True
CMM-SEALG-6ACECF-001,2024-01-06,2024-05-10,690,0,2,1,2,True
CMM-SEALG-6DA7E7-001,2024-06-27,2025-01-31,424,2,0,1,2,True
CMM-SEALG-747B98-001,2024-09-20,2025-08-26,217,1,1,1,2,True
CMM-SEALG-7A9F00-001,2024-03-08,2025-06-07,297,3,2,1,5,True
CMM-SEALG-80EA46-001,2024-02-07,2025-11-04,147,4,1,1,5,True
CMM-SEALG-82045D-001,2024-04-02,2025-01-17,438,4,0,2,4,True
CMM-SEALG-8A8051-001,2024-08-15,2025-10-23,159,2,1,1,3,True
CMM-SEALG-8BDD10-001,2024-05-30,2025-06-01,303,1,1,1,2,True
CMM-SEALG-8F1270-001,2024-01-16,2024-08-22,586,2,0,1,2,True
CMM-SEALG-928895-001,2024-02-12,2025-02-06,418,1,1,1,2,True
CMM-SEALG-948B2B-001,2024-05-28,2024-10-13,534,2,0,1,2,True
CMM-SEALG-96ED36-001,2024-10-23,2025-11-03,148,4,0,1,4,True
CMM-SEALG-99E573-001,2025-09-10,2025-11-02,149,2,0,1,2,True
CMM-SEALG-9C5882-001,2024-01-04,2024-03-03,758,1,1,1,2,True
CMM-SEALG-9F5E86-001,2024-01-27,2025-05-05,330,4,0,1,4,True
CMM-SEALG-A60FBB-001,2024-06-06,2024-09-22,555,2,0,1,2,True
CMM-SEALG-AB281C-001,2024-05-03,2025-12-07,114,3,3,1,6,True
CMM-SEALG-ACB3E9-001,2024-03-05,2025-04-01,364,0,4,1,4,True
CMM-SEALG-B639C0-001,2024-04-02,2025-07-25,249,3,1,1,4,True
CMM-SEALG-C4821B-001,2024-02-03,2025-12-14,107,3,0,1,3,True
CMM-SEALG-C5D451-001,2024-01-01,2025-11-12,139,4,2,1,6,True
CMM-SEALG-C65128-001,2024-11-22,2025-12-10,111,5,0,1,5,True
CMM-SEALG-C69426-001,2024-05-24,2025-09-22,190,2,1,1,3,True
CMM-SEALG-C73A59-001,2024-03-17,2025-12-22,99,0,2,1,2,True
CMM-SEALG-C8045E-001,2024-07-14,2025-04-13,352,2,1,1,3,True
CMM-SEALG-CE2B43-001,2025-05-03,2025-06-05,299,1,1,1,2,True
CMM-SEALG-D89357-001,2025-02-04,2025-05-26,309,2,0,1,2,True
CMM-SEALG-DB0B11-001,2024-04-01,2025-08-30,213,4,2,1,6,True
CMM-SEALG-DE85AC-001,2025-04-07,2025-10-09,173,2,0,1,2,True
CMM-SEALG-DE8656-001,2024-04-01,2025-01-25,430,2,1,1,3,True
CMM-SEALG-E00177-001,2024-08-12,2025-12-31,90,5,2,2,7,True
CMM-SEALG-E0C6E5-001,2025-01-21,2025-08-29,214,3,0,1,3,True
CMM-SEALG-E57A9D-001,2024-05-10,2024-11-13,503,2,0,1,2,True
CMM-SEALG-E59C31-001,2024-04-22,2024-10-25,522,0,2,1,2,True
CMM-SEALG-E70970-001,2024-11-07,2025-10-24,158,2,0,1,2,True
CMM-SEALG-E86469-001,2024-07-18,2025-11-19,132,2,2,2,4,True
CMM-SEALG-EA0F9C-001,2025-07-09,2025-12-11,110,1,1,1,2,True
CMM-SEALG-F01715-001,2024-01-23,2025-04-06,359,2,1,1,3,True
CMM-SEALG-F13686-001,2025-03-12,2025-04-30,335,1,1,1,2,True
CMM-SEALG-F19166-001,2024-03-10,2025-02-27,397,2,0,1,2,True
CMM-SEALG-F519D1-001,2024-03-07,2025-06-04,300,3,0,1,3,True
CMM-SEALG-F69928-001,2024-04-27,2025-09-29,183,4,1,1,5,True
CMM-SEALG-F69B1C-001,2024-09-13,2025-03-27,369,2,1,1,3,True
CMM-SEALG-F7AAFE-001,2024-03-05,2024-10-01,546,2,0,1,2,True
CMM-SEALG-F9CB6E-001,2024-02-27,2025-08-25,218,1,1,1,2,True
CMM-SEALG-FB7539-001,2024-03-02,2025-03-09,387,0,2,1,2,True
CMM-VALVE-004822-001,2024-07-16,2024-07-16,623,0,1,1,1,False
CMM-VALVE-00AA46-001,2025-03-30,2025-03-30,366,1,0,1,1,False
CMM-VALVE-015BCD-001,2025-03-19,2025-10-12,170,2,0,1,2,True
CMM-VALVE-03FCA1-001,2024-05-10,2024-05-10,690,1,0,1,1,False
CMM-VALVE-04D31B-001,2025-12-04,2025-12-04,117,0,1,1,1,False
CMM-VALVE-05CA31-001,2024-07-11,2024-07-11,628,1,0,1,1,False
CMM-VALVE-0728B9-001,2024-02-13,2025-09-09,203,5,0,1,5,True
CMM-VALVE-0795E4-001,2024-02-02,2024-02-02,788,1,0,1,1,False
CMM-VALVE-07E359-001,2024-09-05,2024-09-05,572,1,0,1,1,False
CMM-VALVE-088997-001,2024-07-23,2024-07-23,616,1,0,1,1,False
CMM-VALVE-0A2366-001,2025-03-31,2025-03-31,365,0,1,1,1,False
CMM-VALVE-0BF561-001,2024-03-03,2025-07-13,261,3,2,1,5,True
CMM-VALVE-11A303-001,2024-10-29,2024-10-29,518,1,0,1,1,False
CMM-VALVE-11ED70-001,2024-06-14,2024-06-14,655,0,1,1,1,False
CMM-VALVE-11F993-001,2024-02-07,2025-10-20,162,4,2,1,6,True
CMM-VALVE-130EE9-001,2024-01-29,2024-01-29,792,1,0,1,1,False
CMM-VALVE-166070-001,2024-02-17,2024-08-13,595,2,0,1,2,True
CMM-VALVE-179147-001,2025-01-19,2025-01-19,436,1,0,1,1,False
CMM-VALVE-182E2E-001,2025-09-04,2025-09-04,208,0,1,1,1,False
CMM-VALVE-1B2E88-001,2025-08-04,2025-08-04,239,1,0,1,1,False
CMM-VALVE-1B731F-001,2024-02-01,2024-02-01,789,0,1,1,1,False
CMM-VALVE-1D219B-001,2024-12-07,2024-12-07,479,1,0,1,1,False
CMM-VALVE-1D70F9-001,2024-01-14,2025-09-17,195,2,2,1,4,True
CMM-VALVE-1E20BF-001,2025-02-24,2025-02-24,400,1,0,1,1,False
CMM-VALVE-20A119-001,2024-12-31,2024-12-31,455,1,0,1,1,False
CMM-VALVE-2204A8-001,2024-01-11,2024-11-16,500,1,1,1,2,True
CMM-VALVE-23562D-001,2024-04-11,2024-04-11,719,0,1,1,1,False
CMM-VALVE-239051-001,2025-11-11,2025-11-11,140,1,0,1,1,False
CMM-VALVE-24B4BF-001,2024-05-04,2025-11-09,142,4,1,1,5,True
CMM-VALVE-26431B-001,2024-05-12,2024-05-12,688,1,0,1,1,False
CMM-VALVE-26DA83-001,2025-09-14,2025-09-14,198,1,0,1,1,False
CMM-VALVE-2872B3-001,2025-11-10,2025-11-10,141,0,1,1,1,False
CMM-VALVE-28F35A-001,2025-05-05,2025-05-05,330,0,1,1,1,False
CMM-VALVE-2C542C-001,2024-07-23,2024-07-23,616,1,0,1,1,False
CMM-VALVE-2EBF9F-001,2025-07-08,2025-07-08,266,0,1,1,1,False
CMM-VALVE-2F6D87-001,2024-07-29,2024-07-29,610,1,0,1,1,False
CMM-VALVE-33655F-001,2024-12-14,2024-12-14,472,0,1,1,1,False
CMM-VALVE-33C142-001,2024-05-01,2024-05-01,699,1,0,1,1,False
CMM-VALVE-398CB2-001,2025-10-27,2025-10-27,155,1,0,1,1,False
CMM-VALVE-3C1BCA-001,2024-04-20,2025-05-15,320,1,1,1,2,True
CMM-VALVE-3C3B28-001,2024-07-08,2025-05-27,308,3,0,1,3,True
CMM-VALVE-3EAE08-001,2025-02-22,2025-02-22,402,0,1,1,1,False
CMM-VALVE-3F77ED-001,2025-09-26,2025-09-26,186,1,0,1,1,False
CMM-VALVE-4ADB47-001,2025-03-01,2025-03-01,395,0,1,1,1,False
CMM-VALVE-4B0806-001,2024-05-05,2025-11-27,124,4,1,1,5,True
CMM-VALVE-4BBEE1-001,2024-01-19,2025-04-13,352,2,1,1,3,True
CMM-VALVE-4BC61E-001,2025-12-25,2025-12-25,96,0,1,1,1,False
CMM-VALVE-4BEFDB-001,2024-05-19,2024-05-19,681,1,0,1,1,False
CMM-VALVE-4D6188-001,2025-09-09,2025-09-09,203,1,0,1,1,False
CMM-VALVE-50C761-001,2024-09-20,2024-09-20,557,1,0,1,1,False
CMM-VALVE-524070-001,2024-10-13,2024-10-24,523,1,1,1,2,True
CMM-VALVE-52B0D6-001,2024-08-14,2024-08-14,594,0,1,1,1,False
CMM-VALVE-544738-001,2025-08-26,2025-09-10,202,1,1,1,2,True
CMM-VALVE-54515F-001,2025-06-11,2025-06-11,293,1,0,1,1,False
CMM-VALVE-5610F0-001,2025-12-21,2025-12-21,100,0,1,1,1,False
CMM-VALVE-562AC3-001,2024-07-07,2024-07-07,632,1,0,1,1,False
CMM-VALVE-563FF3-001,2024-06-04,2024-06-04,665,1,0,1,1,False
CMM-VALVE-56BE43-001,2025-01-16,2025-01-16,439,1,0,1,1,False
CMM-VALVE-59DBB8-001,2025-08-02,2025-08-02,241,0,1,1,1,False
CMM-VALVE-5A0730-001,2024-12-21,2024-12-21,465,0,1,1,1,False
CMM-VALVE-5B0612-001,2025-07-28,2025-07-28,246,1,0,1,1,False
CMM-VALVE-5B12C3-001,2025-12-25,2025-12-25,96,0,1,1,1,False
CMM-VALVE-5D3ADC-001,2024-03-13,2025-02-03,421,1,1,1,2,True
CMM-VALVE-5DCD57-001,2025-01-10,2025-10-31,151,2,0,1,2,True
CMM-VALVE-5F2785-001,2024-03-22,2024-03-22,739,1,0,1,1,False
CMM-VALVE-609631-001,2024-10-08,2025-09-17,195,2,1,1,3,True
CMM-VALVE-63A8B7-001,2024-01-28,2024-01-28,793,1,0,1,1,False
CMM-VALVE-63EE87-001,2025-08-20,2025-08-20,223,0,1,1,1,False
CMM-VALVE-64A03A-001,2024-10-21,2024-10-21,526,1,0,1,1,False
CMM-VALVE-654368-001,2024-12-30,2024-12-30,456,0,1,1,1,False
CMM-VALVE-669987-001,2024-09-04,2024-09-04,573,0,1,1,1,False
CMM-VALVE-66AEAC-001,2024-02-14,2025-10-31,151,5,0,1,5,True
CMM-VALVE-68C9CD-001,2024-05-17,2025-07-10,264,3,0,1,3,True
CMM-VALVE-6A29EA-001,2025-04-06,2025-04-06,359,0,1,1,1,False
CMM-VALVE-6B0728-001,2025-06-08,2025-06-08,296,1,0,1,1,False
CMM-VALVE-6BCCE1-001,2025-11-01,2025-11-01,150,1,0,1,1,False
CMM-VALVE-6D7FC6-001,2024-02-09,2025-10-22,160,4,2,1,6,True
CMM-VALVE-6EA46A-001,2025-09-12,2025-09-12,200,0,1,1,1,False
CMM-VALVE-6EC00D-001,2025-01-04,2025-01-04,451,1,0,1,1,False
CMM-VALVE-706FD0-001,2025-06-26,2025-06-26,278,0,1,1,1,False
CMM-VALVE-71DB40-001,2024-12-24,2024-12-24,462,1,0,1,1,False
CMM-VALVE-71F000-001,2024-06-19,2024-06-19,650,0,1,1,1,False
CMM-VALVE-72FBEF-001,2025-09-08,2025-09-08,204,1,0,1,1,False
CMM-VALVE-744EAE-001,2025-12-11,2025-12-11,110,0,1,1,1,False
CMM-VALVE-7533D6-001,2025-07-29,2025-07-29,245,1,0,1,1,False
CMM-VALVE-758633-001,2024-07-23,2025-02-25,399,2,2,1,4,True
CMM-VALVE-773A5A-001,2025-12-26,2025-12-26,95,1,0,1,1,False
CMM-VALVE-781509-001,2024-04-08,2025-09-09,203,3,1,1,4,True
CMM-VALVE-799437-001,2024-10-16,2024-10-16,531,1,0,1,1,False
CMM-VALVE-7C3924-001,2024-12-25,2024-12-25,461,1,0,1,1,False
CMM-VALVE-7C8BA2-001,2024-11-21,2024-11-21,495,1,0,1,1,False
CMM-VALVE-846D44-001,2025-04-14,2025-04-14,351,0,1,1,1,False
CMM-VALVE-8913B6-001,2025-07-18,2025-11-02,149,2,0,1,2,True
CMM-VALVE-8C49DE-001,2024-06-01,2024-06-01,668,1,0,1,1,False
CMM-VALVE-8C9CE1-001,2024-12-11,2024-12-11,475,1,0,1,1,False
CMM-VALVE-8D32F6-001,2025-05-12,2025-05-12,323,1,0,1,1,False
CMM-VALVE-8D7456-001,2024-06-07,2024-06-07,662,1,0,1,1,False
CMM-VALVE-8ECCB1-001,2025-06-07,2025-06-07,297,1,0,1,1,False
CMM-VALVE-8F1BFB-001,2024-06-09,2024-06-09,660,1,0,1,1,False
CMM-VALVE-8F3BF9-001,2024-06-30,2024-06-30,639,1,0,1,1,False
CMM-VALVE-8F6DAB-001,2025-07-19,2025-07-19,255,0,1,1,1,False
CMM-VALVE-93B52B-001,2024-08-03,2024-08-03,605,0,1,1,1,False
CMM-VALVE-954F72-001,2025-05-10,2025-05-10,325,1,0,1,1,False
CMM-VALVE-96BEC8-001,2024-08-01,2024-08-01,607,0,1,1,1,False
CMM-VALVE-97589B-001,2024-03-31,2024-03-31,730,1,0,1,1,False
CMM-VALVE-989A61-001,2024-02-08,2024-09-28,549,4,0,1,4,True
CMM-VALVE-98AC0B-001,2025-09-28,2025-09-28,184,1,0,1,1,False
CMM-VALVE-98DF47-001,2024-06-04,2024-06-04,665,0,1,1,1,False
CMM-VALVE-9903B8-001,2024-01-04,2025-12-21,100,5,1,1,6,True
CMM-VALVE-992419-001,2024-03-06,2025-12-07,114,1,3,1,4,True
CMM-VALVE-992A07-001,2024-03-21,2024-03-21,740,1,0,1,1,False
CMM-VALVE-9945D2-001,2024-12-03,2024-12-03,483,0,1,1,1,False
CMM-VALVE-9B81E1-001,2025-03-14,2025-03-14,382,1,0,1,1,False
CMM-VALVE-9E9261-001,2025-08-23,2025-08-23,220,1,0,1,1,False
CMM-VALVE-A0A973-001,2024-06-09,2024-06-09,660,1,0,1,1,False
CMM-VALVE-A26987-001,2025-07-20,2025-07-20,254,0,1,1,1,False
CMM-VALVE-A36A77-001,2025-06-12,2025-06-12,292,1,0,1,1,False
CMM-VALVE-A4F493-001,2024-03-22,2024-03-22,739,0,1,1,1,False
CMM-VALVE-A5A54D-001,2025-11-12,2025-11-12,139,1,0,1,1,False
CMM-VALVE-A68979-001,2025-04-25,2025-04-25,340,1,0,1,1,False
CMM-VALVE-A6F9BA-001,2025-01-27,2025-01-27,428,1,0,1,1,False
CMM-VALVE-A774FB-001,2025-12-24,2025-12-24,97,0,1,1,1,False
CMM-VALVE-A8C18C-001,2025-12-10,2025-12-10,111,1,0,1,1,False
CMM-VALVE-A923FC-001,2024-07-17,2025-09-18,194,3,2,1,5,True
CMM-VALVE-AD05FF-001,2024-04-12,2024-04-12,718,1,0,1,1,False
CMM-VALVE-AD20D3-001,2025-04-24,2025-04-24,341,0,1,1,1,False
CMM-VALVE-AF51FD-001,2024-07-11,2024-07-11,628,1,0,1,1,False
CMM-VALVE-B0E0FA-001,2025-05-15,2025-05-15,320,1,0,1,1,False
CMM-VALVE-B0F240-001,2024-11-15,2024-11-15,501,0,1,1,1,False
CMM-VALVE-B10C94-001,2025-01-24,2025-09-06,206,1,1,1,2,True
CMM-VALVE-B1C9CE-001,2024-04-27,2024-04-27,703,1,0,1,1,False
CMM-VALVE-B1DCF5-001,2025-12-05,2025-12-05,116,1,0,1,1,False
CMM-VALVE-B1FF82-001,2025-12-31,2025-12-31,90,1,0,1,1,False
CMM-VALVE-B26CE4-001,2024-04-14,2024-04-14,716,0,1,1,1,False
CMM-VALVE-B3D146-001,2025-06-13,2025-06-13,291,1,0,1,1,False
CMM-VALVE-B3E486-001,2024-01-01,2024-02-12,778,1,1,1,2,True
CMM-VALVE-B44D4E-001,2025-01-17,2025-01-17,438,1,0,1,1,False
CMM-VALVE-B4D337-001,2025-07-17,2025-07-17,257,1,0,1,1,False
CMM-VALVE-B55A69-001,2024-09-07,2024-09-07,570,0,1,1,1,False
CMM-VALVE-B66A8F-001,2024-07-09,2025-04-12,353,2,0,1,2,True
CMM-VALVE-B76F3D-001,2024-12-19,2024-12-19,467,1,0,1,1,False
CMM-VALVE-B7728C-001,2025-08-04,2025-08-04,239,0,1,1,1,False
CMM-VALVE-B79326-001,2025-02-28,2025-02-28,396,1,0,1,1,False
CMM-VALVE-B7E63E-001,2025-02-11,2025-02-11,413,0,1,1,1,False
CMM-VALVE-B7ED19-001,2025-06-09,2025-06-09,295,0,1,1,1,False
CMM-VALVE-B96D44-001,2025-02-16,2025-02-16,408,0,1,1,1,False
CMM-VALVE-BC53DA-001,2024-04-23,2024-04-23,707,1,0,1,1,False
CMM-VALVE-C01430-001,2024-10-13,2024-10-13,534,1,0,1,1,False
CMM-VALVE-C06547-001,2024-06-27,2024-06-27,642,1,0,1,1,False
CMM-VALVE-C0CF03-001,2025-02-23,2025-02-23,401,1,0,1,1,False
CMM-VALVE-C12B9C-001,2024-02-18,2025-12-26,95,4,1,1,5,True
CMM-VALVE-C2C454-001,2024-11-19,2024-11-19,497,1,0,1,1,False
CMM-VALVE-C4AB63-001,2024-08-29,2024-08-29,579,0,1,1,1,False
CMM-VALVE-C79168-001,2024-01-20,2024-01-20,801,1,0,1,1,False
CMM-VALVE-C7A5F6-001,2025-09-21,2025-09-21,191,1,0,1,1,False
CMM-VALVE-CDF5F5-001,2025-02-01,2025-02-01,423,0,1,1,1,False
CMM-VALVE-CE16C7-001,2025-08-20,2025-08-20,223,1,0,1,1,False
CMM-VALVE-D1E7C1-001,2025-12-01,2025-12-01,120,1,0,1,1,False
CMM-VALVE-D1F8A9-001,2025-06-28,2025-06-28,276,1,0,1,1,False
CMM-VALVE-D21FCF-001,2024-08-03,2024-08-03,605,1,0,1,1,False
CMM-VALVE-D35F93-001,2025-11-08,2025-11-08,143,0,1,1,1,False
CMM-VALVE-D3728A-001,2025-06-11,2025-06-11,293,1,0,1,1,False
CMM-VALVE-D51ED1-001,2025-07-17,2025-07-17,257,1,0,1,1,False
CMM-VALVE-D56453-001,2025-12-26,2025-12-26,95,1,0,1,1,False
CMM-VALVE-D5BC99-001,2024-10-02,2024-10-02,545,1,0,1,1,False
CMM-VALVE-D62059-001,2024-10-18,2024-10-18,529,1,0,1,1,False
CMM-VALVE-D627F3-001,2024-06-04,2024-06-04,665,1,0,1,1,False
CMM-VALVE-DA9120-001,2025-01-02,2025-01-02,453,1,0,1,1,False
CMM-VALVE-DBB44B-001,2024-06-30,2025-04-15,350,3,0,1,3,True
CMM-VALVE-DC1731-001,2025-12-18,2025-12-18,103,1,0,1,1,False
CMM-VALVE-DC723B-001,2024-02-14,2024-02-14,776,0,1,1,1,False
CMM-VALVE-DCDC32-001,2025-09-22,2025-09-22,190,1,0,1,1,False
CMM-VALVE-E1352C-001,2025-07-30,2025-07-30,244,1,0,1,1,False
CMM-VALVE-E15EAD-001,2024-05-15,2024-05-15,685,1,0,1,1,False
CMM-VALVE-E26A0B-001,2025-10-12,2025-10-12,170,1,0,1,1,False
CMM-VALVE-E59936-001,2024-05-21,2024-05-21,679,1,0,1,1,False
CMM-VALVE-E7B3FB-001,2025-08-24,2025-08-24,219,1,0,1,1,False
CMM-VALVE-E8D56B-001,2025-02-08,2025-02-08,416,1,0,1,1,False
CMM-VALVE-EA4949-001,2025-07-27,2025-07-27,247,1,0,1,1,False
CMM-VALVE-EAB880-001,2024-06-01,2024-06-01,668,1,0,1,1,False
CMM-VALVE-EBCC19-001,2024-03-06,2025-03-28,368,2,0,1,2,True
CMM-VALVE-EBEB4A-001,2024-05-10,2024-05-10,690,0,1,1,1,False
CMM-VALVE-EC01C6-001,2024-10-15,2024-10-15,532,1,0,1,1,False
CMM-VALVE-ED28F7-001,2025-05-18,2025-05-18,317,0,1,1,1,False
CMM-VALVE-F0B040-001,2024-12-05,2024-12-05,481,1,0,1,1,False
CMM-VALVE-F1D1B3-001,2025-11-19,2025-11-19,132,0,1,1,1,False
CMM-VALVE-F44088-001,2024-05-14,2024-05-14,686,0,1,1,1,False
CMM-VALVE-F45F68-001,2024-02-09,2024-02-09,781,1,0,1,1,False
CMM-VALVE-F60DD7-001,2024-07-05,2024-07-05,634,0,1,1,1,False
CMM-VALVE-F78F84-001,2025-03-12,2025-03-12,384,0,1,1,1,False
CMM-VALVE-FA98E0-001,2024-02-18,2024-02-18,772,0,1,1,1,False
CMM-VALVE-FAC971-001,2025-06-20,2025-06-20,284,1,0,1,1,False
CMM-VALVE-FD2261-001,2024-02-25,2024-02-25,765,1,0,1,1,False
CMM-VALVE-FD973B-001,2025-07-10,2025-07-10,264,1,0,1,1,False
CMM-VALVE-FDB76A-001,2025-08-21,2025-08-21,222,1,0,1,1,False
CMM-VALVE-FE18AF-001,2024-10-21,2024-10-21,526,1,0,1,1,False
